allele,sequence,level,counts_all,AFR,AMR,EAS,EUR,SAS,IMGT_name,is_new,functionality,is_new_noCDR3,is_default,is_default_noCDR3,mutations
TRBJ1-1*01,TGAACACTGAAGCTTTCTTTGGACAAGGCACCAGACTCACAGTTGTAG,AS1,194|122|172|200|198|212|210|190|200|210|200|212|226|214|204|210|198|206|180|128|170|192|208|204|222|214,1342,696,1030,1044,984,TRBJ1-1*01,FALSE,F,FALSE,TRUE,TRUE,Default
TRBJ1-2*01,CTAACTATGGCTACACCTTCGGTTCGGGGACCAGGTTAACCGTTGTAG,AS1,194|121|171|196|198|207|203|190|200|210|200|212|226|214|204|209|193|205|180|128|170|192|208|204|221|214,1340,696,1008,1043,983,TRBJ1-2*01,FALSE,F,FALSE,TRUE,TRUE,Default
TRBJ1-2*02,CTAACTATGGCTACACCTTCGGTTCGGGGACCAGGTTAACCATTGTAG,AS2,0|0|1|4|0|5|7|0|0|0|0|0|0|0|0|1|5|0|0|0|0|0|0|0|0|0,0,0,22,0,1,TRBJ1-2*02_new,TRUE,,TRUE,FALSE,FALSE,SG41A
TRBJ1-3*01,CTCTGGAAACACCATATATTTTGGAGAGGGAAGTTGGCTCACTGTTGTAG,AS1,193|122|172|200|198|212|210|190|200|210|200|212|225|214|204|210|198|206|180|128|170|192|208|204|222|214,1340,696,1030,1044,984,TRBJ1-3*01,FALSE,F,FALSE,TRUE,TRUE,Default
TRBJ1-4*01,CAACTAATGAAAAACTGTTTTTTGGCAGTGGAACCCAGCTCTCTGTCTTGG,AS1,194|122|171|200|198|212|209|190|200|210|200|212|226|214|204|210|198|206|180|128|170|192|208|204|222|214,1342,696,1029,1044,983,TRBJ1-4*01,FALSE,F,FALSE,TRUE,TRUE,Default
TRBJ1-5*01,TAGCAATCAGCCCCAGCATTTTGGTGATGGGACTCGACTCTCCATCCTAG,AS1,194|122|172|200|198|212|210|190|200|210|200|212|226|214|204|210|198|206|180|128|170|192|208|204|221|214,1342,696,1030,1043,984,TRBJ1-5*01,FALSE,F,FALSE,TRUE,TRUE,Default
TRBJ1-6*01,CTCCTATAATTCACCCCTCCACTTTGGGAACGGGACCAGGCTCACTGTGACAG,AS1,147|95|43|37|109|56|56|97|169|123|104|73|155|117|50|52|39|171|150|71|79|56|141|45|136|180,1067,388,240,589,267,TRBJ1-6*02,FALSE,F,FALSE,TRUE,TRUE,Default
TRBJ1-6*02,CTCCTATAATTCACCCCTCCACTTTGGGAATGGGACCAGGCTCACTGTGACAG,AS1,46|27|129|163|89|156|154|92|31|87|96|139|71|97|154|158|159|35|30|57|91|136|66|159|86|34,274,306,790,455,717,TRBJ1-6*01,FALSE,F,FALSE,FALSE,FALSE,SC30T
TRBJ2-1*01,CTCCTACAATGAGCAGTTCTTCGGGCCAGGGACACGGCTCACCGTGCTAG,AS1,194|122|172|200|198|212|210|190|200|210|200|212|226|214|204|210|198|206|180|128|170|192|208|204|222|214,1342,696,1030,1044,984,TRBJ2-1*01,FALSE,F,FALSE,TRUE,TRUE,Default
TRBJ2-2*01,CGAACACCGGGGAGCTGTTTTTTGGAGAAGGCTCTAGGCTGACCGTACTGG,AS1,194|122|172|199|198|212|210|190|200|210|200|212|226|214|204|210|198|206|180|128|170|192|208|204|221|214,1342,696,1029,1043,984,TRBJ2-2*01,FALSE,F,FALSE,TRUE,TRUE,Default
TRBJ2-3*01,AGCACAGATACGCAGTATTTTGGCCCAGGCACCCGGCTGACAGTGCTCG,AS1,194|122|172|200|198|212|210|190|200|210|200|212|226|214|203|210|198|206|180|128|170|192|208|202|222|214,1342,696,1030,1044,981,TRBJ2-3*01,FALSE,F,FALSE,TRUE,TRUE,Default
TRBJ2-4*01,AGCCAAAAACATTCAGTACTTCGGCGCCGGGACCCGGCTCTCAGTGCTGG,AS1,194|122|171|200|198|212|210|190|200|210|200|212|226|214|204|210|198|206|180|128|170|192|208|204|222|214,1342,696,1030,1044,983,TRBJ2-4*01,FALSE,F,FALSE,TRUE,TRUE,Default
TRBJ2-5*01,ACCAAGAGACCCAGTACTTCGGGCCAGGCACGCGGCTCCTGGTGCTCG,AS1,194|122|171|200|198|212|210|190|200|210|200|212|226|214|204|210|198|206|180|128|170|192|208|204|222|214,1342,696,1030,1044,983,TRBJ2-5*01,FALSE,F,FALSE,TRUE,TRUE,Default
TRBJ2-6*01,CTCTGGGGCCAACGTCCTGACTTTCGGGGCCGGCAGCAGGCTGACCGTGCTGG,AS1,194|122|172|199|198|212|210|190|200|210|200|212|226|214|204|210|198|206|180|128|170|192|208|204|222|214,1342,696,1029,1044,984,TRBJ2-6*01,FALSE,F,FALSE,TRUE,TRUE,Default
TRBJ2-7*01,CTCCTACGAGCAGTACTTCGGGCCGGGCACCAGGCTCACGGTCACAG,AS1,159|109|164|185|190|203|203|177|166|187|188|202|189|193|202|206|191|173|143|124|166|187|189|199|216|182,1121,656,988,974,954,TRBJ2-7*01,FALSE,F,FALSE,TRUE,TRUE,Default
TRBV10-1*01,GATGCTGAAATCACCCAGAGCCCAAGACACAAGATCACAGAGACAGGAAGGCAGGTGACCTTGGCGTGTCACCAGACTTGGAACCACAACAATATGTTCTGGTATCGACAAGACCTGGGACATGGGCTGAGGCTGATCCATTACTCATATGGTGTTCAAGACACTAACAAAGGAGAAGTCTCAGATGGCTACAGTGTCTCTAGATCAAACACAGAGGACCTCCCCCTCACTCTGGAGTCTGCTGCCTCCTCCCAGACATCTGTATATTTCTGCGCCAGCAGTGAGTC,AS1,120|74|119|129|73|148|145|107|127|66|82|119|129|95|135|156|135|140|106|83|115|103|97|125|101|134,830,402,713,417,601,TRBV10-1*01,FALSE,F,FALSE,TRUE,TRUE,Default
TRBV10-1*02,GATGCTGAAATCACCCAGAGCCCAAGACACAAGATCACAGAGACAGGAAGGCAGGTGACCTTGGCGTGTCACCAGACTTGGAACCACAACAATATGTTCTGGTATCGACAAGACCTGGGACATGGGCTGAGGCTGATCCATTACTCATATGGTGTTCACGACACTAACAAAGGAGAAGTCTCAGATGGCTACAGTGTCTCTAGATCAAACACAGAGGACCTCCCCCTCACTCTGTAGTCTGCTGCCTCCTCCCAGACATCTGTATATTTCTGCGCCAGCAGTGAGTC,AS1,36|28|23|57|91|36|41|64|32|96|97|36|38|80|28|26|46|30|23|36|44|45|85|30|98|28,215,229,206,462,162,TRBV10-1*02_new,TRUE,,TRUE,FALSE,FALSE,SA158C;SG234T
TRBV10-1*03,GATGCTGAAATCACCCAGAGCCCAAGACACAAGATCACAGAGACAGGAAGGCAGGTGACCTTGGCGTGTCACCAGACTTGGAACCACAACAATATGTTCTGGTATCGACAAGACCTGGGACATGGGCTGAGGCTGATCCATTACTCATATGGTGTTCACGACACTAACAAAGGAGAAGTCTCAGATGGCTACAGTGTCTCTAGATCAAACACAGAGGACCTCCCCCTCACTCTGGAGTCTGCTGCCTCCTCCCAGACATCTGTATATTTCTGCGCCAGCAGTGAGTC,AS1,38|20|29|13|34|22|21|19|41|48|20|56|58|39|41|27|15|35|51|9|11|43|26|47|23|52,295,65,98,164,216,TRBV10-1*02,FALSE,F,FALSE,FALSE,FALSE,SA158C
TRBV10-1*04,GATGCTGAAATCACCCAGAGCCCAAGACACAAGATCACAGAGACAGGAAGGCAGGTGACCTTGGCGTGTCACCAGACTTGGAACCACAACAATATGTTCTGGTATCGACAAGACCTGGGACATGGGCTGAGGCTGCTCCATTACTCATATGGTGTTCAAGACACTAACAAAGGAGAAGTCTCAGATGGCTACAGTGTCTCTAGATCAAACACAGAGGACCTCCCCCTCACTCTGGAGTCTGCTGCCTCCTCCCAGACATCTGTATATTTCTGCGCCAGCAGTGAGTC,AS3,0|0|0|1|0|6|3|0|0|0|0|0|0|0|0|1|2|0|0|0|0|0|0|0|0|0,0,0,13,0,0,TRBV10-1*04_new,TRUE,,TRUE,FALSE,FALSE,SA135C
TRBV10-2*01,GATGCTGGAATCACCCAGAGCCCAAGATACAAGATCACAGAGACAGGAAGGCAGGTGACCTTGATGTGTCACCAGACTTGGAGCCACAGCTATATGTTCTGGTATCGACAAGACCTGGGACATGGGCTGAGGCTGATCTATTACTCAGCAGCTGCTGATATTACAGATAAAGGAGAAGTCCCCGATGGCTATGTTGTCTCCAGATCCAAGACAGAGAATTTCCCCCTCACTCTGGAGTCAGCTACCCGCTCCCAGACATCTGTGTATTTCTGCGCCAGCAGTGAGTC,AS1,186|118|139|188|162|190|190|173|198|155|175|151|205|176|158|182|183|191|163|120|161|143|186|155|198|211,1272,640,933,866,746,TRBV10-2*01,FALSE,F,FALSE,TRUE,TRUE,Default
TRBV10-2*02,GATGCTGGAATCACCCAGAGCCCAAGATACAAGATCACAGAGACAGGAAGGCAGGTGACCTTGATGTGTCACCAGACTTGGAGCCACAGCTATATGTTCTGGTATCGACAAGACCTGGGACATGGGCTGAGGCTGATCTATTACTCAGCAGCTGCTGATATTACAGATAAAGGAGAAGTCCCCGATGGCTACGTTGTCTCCAGATCCAAGACAGAGAATTTCCCCCTCACTCTGGAGTCAGCTACCCGCTCCCAGACATCTGTGTATTTCTGCGCCAGCAGTGAGTC,AS1,4|3|31|1|36|8|4|15|1|55|24|58|14|37|44|7|5|13|3|8|9|45|21|48|24|2,40,53,25,176,226,TRBV10-2*02,FALSE,F,FALSE,FALSE,FALSE,ST191C
TRBV10-2*03,GATGCTGGAATCACCCAGAGCCCAAGATACAAGATCACAGAGACAGGAAGGCAGGTGACCTTGATGTGTCACCAGACTTGGAGCCACAGCTATATGTTCTGGTATCGACAAGACCTGGGACATGGGCTGAGGCTGATCTATTACTCAGCAGCTGCTGATATTACAGATAAAGGAGAAGTCTCCGATGGCTATGTTGTCTCCAGATCCAAGACAGAGAATTTCCCCCTCACTCTGGAGTCAGCTACCCGCTCCCAGACATCTGTGTATTTCTGCGCCAGCAGTGAGTC,AS2,0|0|1|11|0|14|16|0|0|0|0|2|0|0|0|21|10|0|0|0|0|1|0|0|0|0,0,0,72,0,4,TRBV10-2*03_new,TRUE,,TRUE,FALSE,FALSE,SC180T
TRBV10-2*04,GATGCTGGAATCACCCAGAGCCCAAGATACAAGATCACAGAGACAGGAAAGCAGGTGACCTTGATGTGTCACCAGACTTGGAGCCACAGCTATATGTTCTGGTATCGACAAGACCTGGGACATGGGCTGAGGCTGATCTATTACTCAGCAGCTGCTGATATTACAGATAAAGGAGAAGTCCCCGATGGCTACGTTGTCTCCAGATCCAAGACAGAGAATTTCCCCCTCACTCTGGAGTCAGCTACCCGCTCCCAGACATCTGTGTATTTCTGCGCCAGCAGTGAGTC,AS2,3|1|0|0|0|0|0|1|0|0|0|0|7|0|0|0|0|1|13|0|0|0|1|0|0|0,25,2,0,0,0,TRBV10-2*04_new,TRUE,,TRUE,FALSE,FALSE,SG49A;ST191C
TRBV10-3*01,GATGCTGGAATCACCCAGAGCCCAAGACACAAGGTCACAGAGACAGGAACACCAGTGACTCTGAGATGTCACCAGACTGAGAACCACCGCTATATGTACTGGTATCGACAAGACCCGGGGCATGGGCTGAGGCTGATCCATTACTCATATGGTGTTAAAGATACTGACAAAGGAGAAGTCTCAGATGGCTATAGTGTCTCTAGATCAAAGACAGAGGATTTCCTCCTCACTCTGGAGTCCGCTACCAGCTCCCAGACATCTGTGTACTTCTGTGCCATCAGTGAGTC,AS1,123|73|66|5|90|20|21|92|120|79|97|80|152|93|94|18|18|137|120|75|77|77|90|95|121|127,852,334,82,480,412,TRBV10-3*01,FALSE,F,FALSE,TRUE,TRUE,Default
TRBV10-3*02,GATGCTGGAATCACCCAGAGCCCAAGACACAAGGTCACAGAGACAGGAACACCAGTGACTCTGAGATGTCATCAGACTGAGAACCACCGCTATATGTACTGGTATCGACAAGACCCGGGGCATGGGCTGAGGCTGATCCATTACTCATATGGTGTTAAAGATACTGACAAAGGAGAAGTCTCAGATGGCTATAGTGTCTCTAGATCAAAGACAGAGGATTTCCTCCTCACTCTGGAGTCCGCTACCAGCTCCCAGACATCTGTGTACTTCTGTGCCATCAGTGAGTC,AS1,51|38|94|136|81|119|141|55|51|103|86|112|55|84|89|133|122|51|41|25|18|97|75|94|77|58,345,173,651,431,486,TRBV10-3*02_new,TRUE,,TRUE,FALSE,FALSE,SC71T
TRBV10-3*03,GATGCTGGAATCACCCAGAGCCCAAGACACAAGGTCACAGAGACAGGAACACCAGTGACTCTGAGATGTCACCAGACTGAGAACCACCGCTACATGTACTGGTATCGACAAGACCCGGGGCATGGGCTGAGGCTAATCCATTACTCATATGGTGTTAAAGATACTGACAAAGGAGAAGTCTCAGATGGCTATAGTGTCTCTAGATCAAAGACAGAGGATTTCCTCCTCACTCTGGAGTCCGCTACCAGCTCCCAGACATCTGTGTACTTCTGTGCCATCAGTGAGTC,AS1,14|7|11|57|27|69|47|42|20|28|15|16|11|36|20|58|54|9|12|27|75|18|42|14|24|19,92,186,285,130,79,TRBV10-3*03,FALSE,F,FALSE,FALSE,FALSE,ST92C;SG134A
TRBV10-3*04,GATGCTGGAATCACCCAGAGCCCAAGACACAAGGTCACAGAGACAGGAACACCAGTGACTCTGAGATGTCACCAGACTGAGAACCACCGCTACATGTACTGGTATCGACAAGACCCGGGGCATGGGCTGAGGCTGATCCATTACTCATATGGTGTTAAAGATACTGACAAAGGAGAAGTCTCAGATGGCTATAGTGTCTCTAGATCAAAGACAGAGGATTTCCTCCTCACTCTGGAGTCCGCTACCAGCTCCCAGACATCTGTGTACTTCTGTGCCATCAGTGAGTC,AS1,4|3|1|1|0|1|1|1|6|0|0|0|8|0|1|0|4|5|5|0|0|0|1|0|0|7,38,2,7,0,2,TRBV10-3*04_new,TRUE,,TRUE,FALSE,FALSE,ST92C
TRBV10-3*06,GATGCTGGAATCACCCAGAGCCCAAGACACAAGGTCACAGAGACAGGAACACCAGTGACTCTGAGATGTCACCAGACTGAGAACCACCGCTATATGTACTGGTATCGACAAGACCCGGAGCATGGGCTGAGGCTGATCCATTACTCATATGGTGTTAAAGATACTGACAAAGGAGAAGTCTCAGATGGCTATAGTGTCTCTAGATCAAAGACAGAGGATTTCCTCCTCACTCTGGAGTCCGCTACCAGCTCCCAGACATCTGTGTACTTCTGTGCCATCAGTGAGTC,AS3,0|0|0|1|0|3|0|0|0|0|0|0|0|0|0|0|0|0|0|1|0|0|0|0|0|0,0,1,4,0,0,TRBV10-3*06_new,TRUE,,TRUE,FALSE,FALSE,SG118A
TRBV10-3*07,GATGCTGGAATCACCCAGAGCCCAAGACACAAGGTCACAGAGACAGGAACACCAGTGACTCTGAGATGTCACCAGACTGAGAACCACCGCTATATGTACTGGTATCGACAAGACCCGGGGCGTGGGCTGAGGCTGATCCATTACTCATATGGTGTTAAAGATACTGACAAAGGAGAAGTCTCAGATGGCTATAGTGTCTCTAGATCAAAGACAGAGGATTTCCTCCTCACTCTGGAGTCCGCTACCAGCTCCCAGACATCTGTGTACTTCTGTGCCATCAGTGAGTC,AS3,1|1|0|0|0|0|0|0|3|0|0|0|0|0|0|0|0|0|0|0|0|0|0|0|0|1,6,0,0,0,0,TRBV10-3*07_new,TRUE,,TRUE,FALSE,FALSE,SA121G
TRBV11-1*01,GAAGCTGAAGTTGCCCAGTCCCCCAGATATAAGATTACAGAGAAAAGCCAGGCTGTGGCTTTTTGGTGTGATCCTATTTCTGGCCATGCTACCCTTTACTGGTACCGGCAGATCCTGGGACAGGGCCCGGAGCTTCTGGTTCAATTTCAGGATGAGAGTGTAGTAGATGATTCACAGTTGCCTAAGGATCGATTTTCTGCAGAGAGGCTCAAAGGAGTAGACTCCACTCTCAAGATCCAGCCTGCAGAGCTTGGGGACTCGGCCATGTATCTCTGTGCCAGCAGCTTAGC,AS1,153|105|169|200|176|212|210|163|150|192|176|208|166|189|196|210|198|159|138|120|165|185|185|201|203|162,1033,633,1030,936,959,TRBV11-1*01,FALSE,F,FALSE,TRUE,TRUE,Default
TRBV11-1*02,GAAGCTGAAGTTGCCCAGTCCCCCAGATATAAGATTACAGAGAAAAGCCAGGCTGTGGCTTTTTGGTGTGATCCTATTTCTGGCCGTGCTACCCTTTATTGGTACCGGCAGATCCTGGGACAGGGCCCGGAGCTTCTGGTTCGATTTCAGGATGAGAGTGTAGTAGATGATTCACAGTTGCCTAAGGATCGATTTTCTGCAGAGAGGCTCAAAGGAGTAGACTCCACTCTCAAGATCCAGCCTGCAGAGCTTGGGGACTCGGCCATGTATCTCTGTGCCAGCAGCTTAGC,AS2,36|17|2|0|21|0|0|23|48|16|21|3|53|22|4|0|0|41|37|7|5|6|22|1|18|48,280,57,0,98,16,TRBV11-1*02_new,TRUE,,TRUE,FALSE,FALSE,SA85G;SC98T;SA142G
TRBV11-1*03,GAAGCTGAAGTTGCCCAGTCCCCCAGATATAAGATTACAGAGAAAAGCCAGGCTGTGGCTTTTTGGTGTGATCCTATTTCTGGCCATGCTACCCTTTACTGGTACCGGCAGATCCTGGGACAGGGCCCGGAGCTTCTGGTTCAATTTCAGGATGAGAGTGTAGTAGATGATTCACAGTTGCCTAAGGATTGATTTTCTGCAGAGAGGCTCAAAGGAGTAGACTCCACTCTCAAGATCCAGCCTGCAGAGCTTGGGGACTCGGCCATGTATCTCTGTGCCAGCAGCTTAGC,AS2,5|0|0|0|0|0|0|3|1|0|0|0|4|2|0|0|0|2|3|1|0|0|1|0|0|1,16,5,0,2,0,TRBV11-1*03_new,TRUE,,TRUE,FALSE,FALSE,SC189T
TRBV11-1*05,GAAGCTGAAGTTGCCCAGTCCCCCAGATATAAGATTACAGAGAAAAGCCAGGCTGTGGCTTTTTGGTGTGATCCTATTTCTGGCCATGCTACCCTTTACTGGTACCGGCAGATCCTGGGACAGGGCCTGGAGCTTCTGGTTCAATTTCAGGATGAGAGTGTAGTAGATGATTCACAGTTGCCTAAGGATCGATTTTCTGCAGAGAGGCTCAAAGGAGTAGACTCCACTCTCAAGATCCAGCCTGCAGAGCTTGGGGACTCGGCCATGTATCTCTGTGCCAGCAGCTTAGC,AS3,0|0|0|0|1|0|0|1|0|1|2|0|0|1|0|0|0|0|0|0|0|1|0|0|1|0,0,1,0,6,1,TRBV11-1*05_new,TRUE,,TRUE,FALSE,FALSE,SC127T
TRBV11-1*06,GAAGCTGAAGTTGCCCAGTCCCCCAGATATAAGATTACAGAGAAAAGCCAGGCTGTGGCTTTTTGGTGTGATCCTATTTCTGGCCATGCTACCCTTTACTGGTACCGGCAGATCCTGGGACAGGGCCCGGAGCTTCTGGTTCAATTTCAGGATGAGAGTGTAGTAGATGATTCACAGTTGCCTAAGGATCAATTTTCTGCAGAGAGGCTCAAAGGAGTAGACTCCACTCTCAAGATCCAGCCTGCAGAGCTTGGGGACTCGGCCATGTATCTCTGTGCCAGCAGCTTAGC,AS3,0|0|0|0|0|0|0|0|1|0|0|0|1|0|0|0|0|1|1|0|0|0|0|0|0|1,5,0,0,0,0,TRBV11-1*06_new,TRUE,,TRUE,FALSE,FALSE,SG190A
TRBV11-1*07,GAAGCTGAAGTTGCCCAGTCCCCCAGATATAAGATTACAGAGAAAAGCCAGGCTGTGGCTTTTTGGTGTGATCCTATTTCTGGCCATGCTACCCTTTACTGGTACCGGCAGATCCTGGGACAGGGCCCGGAGCTTCTGGTTCAATTTCAGGATGAGAGTGTAGTAGATGATTCACAGTTGCCTGAGGATCGATTTTCTGCAGAGAGGCTCAAAGGAGTAGACTCCACTCTCAAGATCCAGCCTGCAGAGCTTGGGGACTCGGCCATGTATCTCTGTGCCAGCAGCTTAGC,AS3,0|0|0|0|0|0|0|0|0|0|0|0|1|0|0|0|0|0|1|0|0|0|0|0|0|2,4,0,0,0,0,TRBV11-1*07_new,TRUE,,TRUE,FALSE,FALSE,SA183G
TRBV11-2*01,GAAGCTGGAGTTGCCCAGTCTCCCAGATATAAGATTATAGAGAAAAGGCAGAGTGTGGCTTTTTGGTGCAATCCTATATCTGGCCATGCTACCCTTTACTGGTACCAGCAGATCCTGGGACAGGGCCCAAAGCTTCTGATTCAGTTTCAGAATAACGGTGTAGTGGATGATTCACAGTTGCCTAAGGATCGATTTTCTGCAGAGAGGCTCAAAGGAGTAGACTCCACTCTCAAGATCCAGCCTGCAAAGCTTGAGGACTCGGCCGTGTATCTCTGTGCCAGCAGCTTAGA,AS2,89|51|71|109|58|118|109|71|95|52|60|102|111|77|79|125|96|91|74|41|66|75|72|74|80|104,615,250,557,327,401,TRBV11-2*01,FALSE,F,FALSE,TRUE,TRUE,Default
TRBV11-2*02,GAAGCTGGAGTTGCCCAGTCTCCCAGATATAAGATTATAGAGAAAAGGCAGAGTGTGGCTTTTTGGTGCAATCCTATATCTGGCCATGCTACCCTTTACTGGTACCAGCAGATCCTGGGACAGGGCCCAAAGCTTCTGATTCAGTTTCAGAATAACGGTGTAGTGGATGATTCACAGTTGCCTAAGGATCGATTTTCTGCAGAGAGGCTCAAAGGAGTAGACTCCACTCTCAAGATCCAACCTGCAAAGCTTGAGGACTCGGCCGTGTATCTCTGTGCCAGCAGCTTAGA,AS2,37|21|70|43|40|61|59|52|40|66|33|73|50|53|93|48|60|49|48|51|55|72|54|94|45|48,293,212,271,237,402,TRBV11-2*03,FALSE,F,FALSE,FALSE,FALSE,SG239A
TRBV11-2*07,GAAGCTGGAGTTGCCCAGTCTCCCAGATATAAGATTATAGAGAAAAGGCAGAGTGTGGCTTTTTGGTGCAATCCTATATCTGGCCATGCTACCCTTTACTGGTACCAGCAGATCCTGGGACAGGGTCCAAAGCTTCTGATTCAGTTTCAGAATAACGGTGTAGTGGATGATTCACAGTTGCCTAAGGATCGATTTTCTGCAGAGAGGCTCAAAGGAGTAGACTCCACTCTCAAGATCCAGCCTGCAAAGCTTGAGGACTCGGCCGTGTATCTCTGTGCCAGCAGCTTAGA,AS3,2|0|0|0|0|0|0|0|0|0|0|0|1|0|0|0|0|0|1|0|0|0|0|0|0|0,4,0,0,0,0,TRBV11-2*07_new,TRUE,,TRUE,FALSE,FALSE,SC125T
TRBV11-3*01,GAAGCTGGAGTGGTTCAGTCTCCCAGATATAAGATTATAGAGAAAAAACAGCCTGTGGCTTTTTGGTGCAATCCTATTTCTGGCCACAATACCCTTTACTGGTACCTGCAGAACTTGGGACAGGGCCCGGAGCTTCTGATTCGATATGAGAATGAGGAAGCAGTAGACGATTCACAGTTGCCTAAGGATCGATTTTCTGCAGAGAGGCTCAAAGGAGTAGACTCCACTCTCAAGATCCAGCCTGCAGAGCTTGGGGACTCGGCCGTGTATCTCTGTGCCAGCAGCTTAGA,AS2,177|110|161|143|171|143|163|147|171|179|183|196|197|176|184|150|143|187|165|100|94|174|165|190|197|183,1190,506,742,906,905,TRBV11-3*01,FALSE,F,FALSE,TRUE,TRUE,Default
TRBV11-3*02,GAAGCTGGAGTGGTTCAGTCTCCCAGATATAAGATTATAGAGAAAAAACAGCCTGTGGCTTTTTGGTGCAATCCTATTTCTGGCCACAATACCCTTTACTGGTACCGGCAGAACTTGGGACAGGGCCCGGAGCTTCTGATTCGATATGAGAATGAGGAAGCAGTAGACGATTCACAGTTGCCTAAGGATCGATTTTCTGCAGAGAGGCTCAAAGGAGTAGACTCCACTCTCAAGATCCAGCCTGCAGAGCTTGGGGACTCGGCCGTGTATCTCTGTGCCAGCAGCTTAGA,AS1,17|12|11|57|27|69|47|41|29|28|15|16|29|37|20|59|53|15|14|27|76|18|43|14|24|30,146,187,285,131,79,TRBV11-3*04,FALSE,F,FALSE,FALSE,FALSE,ST106G
TRBV12-2*02,GATGCTGGCATTATCCAGTCACCCAAGCATGAGGTGACAGAAATGGGACAAACAGTGACTCTGAGATGTGAGCCAATTTTTGGCCACAATTTCCTTTTCTGGTACAGAGATACCTTCGTGCAGGGACTGGAATTGCTGAGTTACTTCCGGAGCCGATCTATTATAGATAATGCAGGTATGCCCACAGAGCGATTCTCAGCTGAGAGGCCTGATGGATCATTCTCTACTCTGAAGATCCAGCCTGCAGAGCAGGGGGACTCGGCCGTGTATGTCTGTGCAAGTCGCTTAGC,AS2,38|37|35|44|85|30|33|61|40|84|101|37|44|79|43|34|40|40|29|36|46|46|76|47|93|38,266,219,181,442,208,TRBV12-2*02,FALSE,F,FALSE,FALSE,FALSE,Default
TRBV12-2*03,GATGCTGGCATTATCCAGTCACCCAAGCATGAGGTGACAGAAATGGGAAAAACAGTGACTCTGAGATGTGAGCCAATTTTTGGCCACAATTTCCTTTTCTGGTACAGAGATACCTTCGTGCAGGGACTGGAATTGCTGAGTTACTTCCGGAGCCGATCTATTATAGATAATGCAGGTATGCCCACAGAGCGATTCTCAGCTGAGAGGCCTGATGGATCATTCTCTACTCTGAAGATCCAGCCTGCAGAGCAGGGGGACTCGGCCGTGTATGTCTGTGCAAGTCGCTTAGC,AS2,6|1|0|0|0|0|0|0|9|0|0|0|0|0|0|0|0|5|1|0|0|0|2|0|0|3,25,2,0,0,0,TRBV12-2*03_new,TRUE,,TRUE,FALSE,FALSE,SC48A
TRBV12-2*04,GATGCTGGCATTATCCAGTCACCCAAGCATGAGGTGACAGAAATGGGACAAACAGTGACTCTGAGATGTGAGCCAATTTTTGGCCACAATTTCCTTTTCTGGTACAGAGATACCTTCGTGCAGGGACTGGAATTGCTGAGTTACTTCCGGAGCTGATCTATTATAGATAATGCAGGTATGCCCACAGAGCGATTCTCAGCTGAGAGGCCTGATGGATCATTCTCTACTCTGAAGATCCAGCCTGCAGAGCAGGGGGACTCGGCCATGTATGTCTGTGCAAGTCGCTTAGC,AS2,1|0|2|0|3|0|0|2|0|1|6|2|0|1|1|0|0|0|0|1|1|6|1|1|1|0,1,5,0,12,12,TRBV12-2*04_new,TRUE,,TRUE,FALSE,FALSE,SC153T;SG264A
TRBV12-2*05,GATGCTGGCATTATCCAGTCACCCAAGCATGAGGTGACAGAAATGGGACAAACAGTGACTCTGAGATGTGAGCCAATTTTTGGCCACAATTTCCTTTTCTGGTACAGAGATACCTTCGTGCAGGGACTGGAATTGCTGAGTTACTTCCGGAGCCGATCTATTACAGATAATGCAGGTATGCCCACAGAGCGATTCTCAGCTGAGAGGCCTGATGGATCATTCTCTACTCTGAAGATCCAGCCTGCAGAGCAGGGGGACTCGGCCGTGTATGTCTGTGCAAGTCGCTTAGC,AS3,1|0|0|0|0|0|0|0|0|0|0|0|5|0|0|0|0|1|5|0|0|0|0|0|0|0,12,0,0,0,0,TRBV12-2*05_new,TRUE,,TRUE,FALSE,FALSE,ST163C
TRBV12-3*01,GATGCTGGAGTTATCCAGTCACCCCGCCATGAGGTGACAGAGATGGGACAAGAAGTGACTCTGAGATGTAAACCAATTTCAGGCCACAACTCCCTTTTCTGGTACAGACAGACCATGATGCGGGGACTGGAGTTGCTCATTTACTTTAACAACAACGTTCCGATAGATGATTCAGGGATGCCCGAGGATCGATTCTCAGCTAAGATGCCTAATGCATCATTCTCCACTCTGAAGATCCAGCCCTCAGAACCCAGGGACTCAGCTGTGTACTTCTGTGCCAGCAGTTTAGC,AS1,135|90|172|200|198|211|207|181|127|210|200|211|159|214|204|210|197|151|122|126|168|192|200|204|220|140,924,675,1025,1042,983,TRBV12-3*01,FALSE,F,FALSE,TRUE,TRUE,Default
TRBV12-3*02,GATGCTGGAGTTATCCAGTCACCCCGCCATGAGGTGACAGAGATGGGACAAGAAGTGACTCTGAGATGTAAACTAATTTCAGGCCACAACTCCCTTTTCTGGTACAGACAGACCATGATGCGGGGACTGGAGTTGCTCATTTACTTTAACAACAACGTTCCGATAGATGATTCAGGGATGCCCGAGGATCGATTCTCAGCTAAGATGCCTAATGCATCATTCTCCACTCTGAAGATCCAGCCCTCAGAACCCAGGGACTCAGCTGTGTACTTCTGTGCCAGCAGTTTAGC,AS2,34|22|0|0|0|0|0|4|51|0|0|0|43|0|0|0|0|39|31|1|1|0|6|0|0|42,262,12,0,0,0,TRBV12-3*02_new,TRUE,,TRUE,FALSE,FALSE,SC73T
TRBV12-3*05,GATGTTGGAGTTATCCAGTCACCCCGCCATGAGGTGACAGAGATGGGACAAGAAGTGACTCTGAGATGTAAACTAATTTCAGGCCACAACTCCCTTTTCTGGTACAGACAGACCATGATGCGGGGACTGGAGTTGCTCATTTACTTTAACAACAACGTTCCGATAGATGATTCAGGGATGCCCGAGGATCGATTCTCAGCTAAGATGCCTAATGCATCATTCTCCACTCTGAAGATCCAGCCCTCAGAACCCAGGGACTCAGCTGTGTACTTCTGTGCCAGCAGTTTAGC,AS2,3|3|0|0|0|0|0|0|6|0|0|0|6|0|0|0|0|2|1|0|0|0|1|0|0|7,28,1,0,0,0,TRBV12-3*05_new,TRUE,,TRUE,FALSE,FALSE,SC4T;SC73T
TRBV12-4*01,GATGCTGGAGTTATCCAGTCACCCCGGCACGAGGTGACAGAGATGGGACAAGAAGTGACTCTGAGATGTAAACCAATTTCAGGACACGACTACCTTTTCTGGTACAGACAGACCATGATGCGGGGACTGGAGTTGCTCATTTACTTTAACAACAACGTTCCGATAGATGATTCAGGGATGCCCGAGGATCGATTCTCAGCTAAGATGCCTAATGCATCATTCTCCACTCTGAAGATCCAGCCCTCAGAACCCAGGGACTCAGCTGTGTACTTCTGTGCCAGCAGTTTAGC,AS1,144|77|67|7|74|25|22|73|158|54|64|92|171|79|97|19|23|171|142|62|71|85|100|90|95|172,1035,306,96,366,431,TRBV12-4*01,FALSE,F,FALSE,TRUE,TRUE,Default
TRBV12-4*03,GATGCTGGAGTTATCCAGTCACCCCGGCACGAGGTGACAGAGATGGGACAAGAAGTGACTCTGAGATGTAAACCAATTTCAGGACATGACTACCTTTTCTGGTACAGACAGACCATGATGCGGGGACTGGAGTTGCTCATTTACTTTAACAACAACGTTCCGATAGATGATTCAGGGATGCCCGAGGATCGATTCTCAGCTAAGATGCCTAATGCATCATTCTCCACTCTGAAGATCCAGCCCTCAGAACCCAGGGACTCAGCTGTGTACTTCTGTGCCAGCAGTTTAGC,AS2,12|9|13|62|27|74|56|39|21|23|17|19|18|35|19|60|51|8|9|25|76|14|35|15|20|18,95,175,303,122,80,TRBV12-4*03,FALSE,F,FALSE,FALSE,FALSE,SC86T
TRBV12-5*01,GATGCTAGAGTCACCCAGACACCAAGGCACAAGGTGACAGAGATGGGACAAGAAGTAACAATGAGATGTCAGCCAATTTTAGGCCACAATACTGTTTTCTGGTACAGACAGACCATGATGCAAGGACTGGAGTTGCTGGCTTACTTCCGCAACCGGGCTCCTCTAGATGATTCGGGGATGCCGAAGGATCGATTCTCAGCAGAGATGCCTGATGCAACTTTAGCCACTCTGAAGATCCAGCCCTCAGAACCCAGGGACTCAGCTGTGTATTTTTGTGCTAGTGGTTTGGT,AS1,191|119|166|200|197|212|209|186|198|204|193|206|226|205|196|209|194|204|179|122|169|189|201|202|212|213,1330,678,1024,1011,959,TRBV12-5*01,FALSE,F,FALSE,TRUE,TRUE,Default
TRBV12-5*02,GATGCTAGAGTCACCCAGACACCAAGGCACAAGGTGACAGAGATGGGACAAGAAGTAACAATGAGATGTCAGCCAATTTTAGGCCACAATACTGTTTTCTGGTACAGACAGACCATGAAGCAAGGACTGGAGTTGCTGGCTTACTTCCGCAACCGGGCTCCTCTAGATGATTCGGGGATGCCGAAGGATCGATTCTCAGCAGAGATGCCTGATGCAACTTTAGCCACTCTGAAGATCCAGCCCTCAGAACCCAGGGACTCAGCTGTGTATTTTTGTGCTAGTGGTTTGGT,AS2,1|1|1|0|1|0|0|4|0|6|7|1|0|8|0|0|0|0|0|5|1|1|7|0|10|0,2,17,0,32,3,TRBV12-5*02_new,TRUE,,TRUE,FALSE,FALSE,ST118A
TRBV12-5*03,GATGCTAGAGTCACCCAGACACCAAGGCACAAGGTGACAGAGATGGGACAAGAAGTAACAATGAGATGTCAGCCAATTTTAGGCCACAATACTGTTTTCTGGTACAGACAGACCATGATGCAAGGACTGGAGTTGCTGGCTTACTTCCGCAACCGAGCTCCTCTAGATGATTCGGGGATGCCGAAGGATCGATTCTCAGCAGAGATGCCTGATGCAACTTTAGCCACTCTGAAGATCCAGCCCTCAGAACCCAGGGACTCAGCTGTGTATTTTTGTGCTAGTGGTTTGGT,AS3,0|0|3|0|0|0|0|0|0|0|0|5|0|0|8|0|0|0|0|0|0|2|0|2|0|0,0,0,0,0,20,TRBV12-5*03_new,TRUE,,TRUE,FALSE,FALSE,SG155A
TRBV12-5*04,GATGCTAGAGTCACCCAGACACCAAGGCACAAGGTGACAGAGATGGGACAAGAAGTAACAATGAGATGTCAGCCAATTTTAGGCCACAATACTGTTTTCTGGTACAGACAGACCATGATGCAAGGACTGGAGTTGCTGGCTTACTTCCGCAACTGGGCTCCTCTAGATGATTCGGGGATGCCGAAGGATCGATTCTCAGCAGAGATGCCTGATGCAACTTTAGCCACTCTGAAGATCCAGCCCTCAGAACCCAGGGACTCAGCTGTGTATTTTTGTGCTAGTGGTTTGGT,AS3,2|1|0|0|0|0|0|0|2|0|0|0|0|0|0|0|0|1|1|0|0|0|0|0|0|1,8,0,0,0,0,TRBV12-5*04_new,TRUE,,TRUE,FALSE,FALSE,SC153T
TRBV12-5*05,GATGCTAGAGTTACCCAGACACCAAGGCACAAGGTGACAGAGATGGGACAAGAAGTAACAATGAGATGTCAGCCAATTTTAGGCCACAATACTGTTTTCTGGTACAGACAGACCATGATGCAAGGACTGGAGTTGCTGGCTTACTTCCGCAACCGGGCTCCTCTAGATGATTCGGGGATGCCGAAGGATCGATTCTCAGCAGAGATGCCTGATGCAACTTTAGCCACTCTGAAGATCCAGCCCTCAGAACCCAGGGACTCAGCTGTGTATTTTTGTGCTAGTGGTTTGGT,AS3,0|0|1|0|0|0|0|0|0|0|0|0|0|0|0|0|4|0|0|0|0|0|0|0|0|0,0,0,4,0,1,TRBV12-5*05_new,TRUE,,TRUE,FALSE,FALSE,SC11T
TRBV13*01,GCTGCTGGAGTCATCCAGTCCCCAAGACATCTGATCAAAGAAAAGAGGGAAACAGCCACTCTGAAATGCTATCCTATCCCTAGACACGACACTGTCTACTGGTACCAGCAGGGTCCAGGTCAGGACCCCCAGTTCCTCATTTCGTTTTATGAAAAGATGCAGAGCGATAAAGGAAGCATCCCCTGATCGATTCTCAGCTCAACAGTTCAGTGACTATCATTCTGAACTGAACATGAGCTCCTTGGAGCTGGGGGACTCAGCCCTGTACTTCTGTGCCAGCAGCTTAGG,AS2,125|84|149|142|156|136|158|132|113|158|171|181|137|166|172|139|140|129|114|96|87|159|148|179|188|130,832,463,715,839,840,TRBV13*01_new,TRUE,,TRUE,FALSE,FALSE,I182C
TRBV13*04,GCTGCTGGAGTCATCCAGTCCCCAAGACATCTGATCAAAGAAAAGAGGGAAACAGCCACTCTGAAATGCTATCCTATCTCTAGACACGACACTGTCTACTGGTACCAGCAGGGTCCAGGTCAGGACCCCCAGTTCCTCATTTCGTTTTATGAAAAGATGCAGAGCGATAAAGGAAGCATCCCCTGATCGATTCTCAGCTCAACAGTTCAGTGACTATCATTCTGAACTGAACATGAGCTCCTTGGAGCTGGGGGACTCAGCCCTGTACTTCTGTGCCAGCAGCTTAGG,AS2,0|0|0|0|0|8|3|0|0|12|0|0|0|0|0|12|0|0|0|0|0|0|0|0|0|0,0,0,23,12,0,TRBV13*04_new,TRUE,,TRUE,FALSE,FALSE,SC78T;I179C
TRBV13*05,GCTGCTGGAGTCATCCAGTCCCCAAGACATCTGATCAAAGAAAAGAGGGAAACAGCCACTCTGAAATGCTATCCTATCCCTAGACACGACACTGTCTACTGGTACCAGCAGGGTCCAGGTCAGGACCCCCAGTTCCTCATTTCGTTTTATGAAAAGATGCAGAGCGATAAAGGAAGCATCCCTGATCGATTCTCAGCTCAACAGTTCAGTGACTATCATTCTGAACTGAACATGAGCTCCTTGGAGCTGGGGGACTCAGCCCTGTACTTCTGTGCCAGCAGCTTAGG,AS1,5|4|0|0|0|0|0|1|5|0|0|0|7|0|0|0|0|2|3|0|0|0|0|0|0|4,30,1,0,0,0,TRBV13*01,FALSE,F,FALSE,TRUE,TRUE,Default
TRBV14*01,GAAGCTGGAGTTACTCAGTTCCCCAGCCACAGCGTAATAGAGAAGGGCCAGACTGTGACTCTGAGATGTGACCCAATTTCTGGACATGATAATCTTTATTGGTATCGACGTGTTATGGGAAAAGAAATAAAATTTCTGTTACATTTTGTGAAAGAGTCTAAACAGGATGAGTCCGGTATGCCCAACAATCGATTCTTAGCTGAAAGGACTGGAGGGACGTATTCTACTCTGAAGGTGCAGCCTGCAGAACTGGAGGATTCTGGAGTTTATTTCTGTGCCAGCAGCCAAGA,AS1,164|105|162|147|174|169|170|152|160|191|184|194|181|176|190|160|156|169|160|103|94|179|174|191|204|180,1119,523,802,929,916,TRBV14*01,FALSE,F,FALSE,TRUE,TRUE,Default
TRBV14*02,GAAGCTGGAGTTACTCAGTTCCCCAGCCACAGCGTAATAGAGAAGGGCCAGACTGTGACTCTGAGATGTGACCCAATTTCTGGACATGATAATCTTTATTGGTATCGACGTGTTATGGGAAAAGAAATAAAATTTCTGTTACATTTTGTGAAAGAGTCTAAACAGGATGAATCCGGTATGCCCAACAATCGATTCTTAGCTGAAAGGACTGGAGGGACGTATTCTACTCTGAAGGTGCAGCCTGCAGAACTGGAGGATTCTGGAGTTTATTTCTGTGCCAGCAGCCAAGA,AS1,29|16|10|52|24|42|39|38|38|19|16|17|45|37|14|49|40|29|19|25|76|13|34|13|17|32,208,173,222,113,67,TRBV14*02,FALSE,F,FALSE,FALSE,FALSE,SG170A
TRBV14*03,GAAGCTGGAGTTACTCAGTTCCCCAGCCACAGCGTAATAGAGAAGGGCCAGACTGTGACTCTGAGATGTGATCCAATTTCTGGACATGATAATCTTTATTGGTATCGACGTGTTATGGGAAAAGAAATAAAATTTCTGTTACATTTTGTGAAAGAGTCTAAACAGGATGAGTCCGGTATGCCCAACAATCGATTCTTAGCTGAAAGGACTGGAGGGACGTATTCTACTCTGAAGGTGCAGCCTGCAGAACTGGAGGATTCTGGAGTTTATTTCTGTGCCAGCAGCCAAGA,AS3,1|0|0|0|0|0|0|0|0|0|0|0|0|0|0|0|0|7|1|0|0|0|0|0|0|0,9,0,0,0,0,TRBV14*03_new,TRUE,,TRUE,FALSE,FALSE,SC71T
TRBV14*04,GAAGCTGGAGTTACTCAGTTCCCCAGCCACAGCGTAATAGAGAAGGGCCAGACTGTGACTCTGAGATGTGACCCAATTTCTGGACATGATAATCTTTATTGGTATCGACGTGTTATGGGAAAAGAAATAAAATTTCTGTTACATTTTGTGAAAGAGTCTAAACAGGATGAGTCCGGTATGCCCAACAATCAATTCTTAGCTGAAAGGACTGGAGGGACGTATTCTACTCTGAAGGTGCAGCCTGCAGAACTGGAGGATTCTGGAGTTTATTTCTGTGCCAGCAGCCAAGA,AS3,0|0|0|1|0|0|1|0|0|0|0|0|0|0|0|0|2|0|0|0|0|0|0|0|0|0,0,0,4,0,0,TRBV14*04_new,TRUE,,TRUE,FALSE,FALSE,SG190A
TRBV14*05,GAAGCTGGAGTTACTCAGTTCCCCAGCCACAGCGTAATAGAGAAGGGCCAGACTGTGACTCTGAGATGTGACCCAATTTCTGGACATGATAATCTTTATTGGTATCGACGTGTTATGGGAAAAGAAATAAAATTTCTGTTACATTTTGTGAAAGAGTCTAAACAGGATGAGTCCGGTATGCCCAACAATCGATTCTTAGCTGAACGGACTGGAGGGACGTATTCTACTCTGAAGGTGCAGCCTGCAGAACTGGAGGATTCTGGAGTTTATTTCTGTGCCAGCAGCCAAGA,AS3,0|1|0|0|0|0|0|0|2|0|0|0|0|0|0|0|0|1|0|0|0|0|0|0|1|2,6,0,0,1,0,TRBV14*05_new,TRUE,,TRUE,FALSE,FALSE,SA204C
TRBV15*01,GATGCCATGGTCATCCAGAACCCAAGATACCAGGTTACCCAGTTTGGAAAGCCAGTGACCCTGAGTTGTTCTCAGACTTTGAACCATAACGTCATGTACTGGTACCAGCAGAAGTCAAGTCAGGCCCCAAAGCTGCTGTTCCACTACTATGACAAAGATTTTAACAATGAAGCAGACACCCCTGATAACTTCCAATCCAGGAGGCCGAACACTTCTTTCTGCTTTCTTGACATCCGCTCACCAGGCCTGGGGGACGCAGCCATGTACCTGTGTGCCACCAGCAGAGA,AS1,137|98|172|200|198|212|209|182|124|209|200|212|173|211|201|210|196|137|131|126|168|192|192|204|220|150,950,668,1027,1038,981,TRBV15*02,FALSE,F,FALSE,FALSE,FALSE,SA255G
TRBV15*02,GATGCCATGGTCATCCAGAACCCAAGATACCAGGTTACCCAGTTTGGAAAGCCAGTGACCCTGAGTTGTTCTCAGACTTTGAACCATAACGTCATGTACTGGTACCAGCAGAAGTCAAGTCAGGCCCCAAAGCTGCTGTTCCACTACTATGACAAAGATTTTAACAATGAAGCAGACACCCCTGATAACTTCCAATCCAGGAGGCCGAACACTTCTTTCTGCTTTCTTGACATCCGCTCACCAGGCCTGGGGGACACAGCCATGTACCTGTGTGCCACCAGCAGAGA,AS1,50|20|0|0|0|0|0|6|65|0|0|0|49|1|2|0|2|52|43|1|1|0|15|0|1|52,331,23,2,2,2,TRBV15*01,FALSE,F,FALSE,TRUE,TRUE,Default
TRBV15*04,GATGCCATGGTCATCCAGAACCCAAGATACCAGGTTACCCAGTTTGGAAAGCCAGTGACCCTGAGTTGTTCTCAGACTTTGAACCATAACGTCATGTACTGGTACCAGCAGAAGTCAAGACAGGCCCCAAAGCTGCTGTTCCACTACTATGACAAAGATTTTAACAATGAAGCAGACACCCCTGATAACTTCCAATCCAGGAGGCCGAACACTTCTTTCTGCTTTCTTGACATCCGCTCACCAGGCCTGGGGGACGCAGCCATGTACCTGTGTGCCACCAGCAGAGA,AS3,3|1|0|0|0|0|0|0|1|0|0|0|2|0|0|0|0|1|3|0|0|0|0|0|0|2,13,0,0,0,0,TRBV15*04_new,TRUE,,TRUE,FALSE,FALSE,ST119A;SA255G
TRBV15*05,GATGCCATGGTCATCCAGAACCCAAGATACCAGGTTACCCAGTTTGGAAAGCCAGTGACCCTGAGTTGTTCTCAGACTTTGAACCATAACGTCATGTACTGGTACCAGCAGAAGTCAAGTCAGGCCCCAAAGCTGCTGTTCCACTACTATGACAAAGATTTTAACAATGAAGCAGACACCCCTGATAACTTCCAATCCAGGAGGCCGAACACTTCTTTCTGCTTTCTTGACATCCGCTCACCAGGCCTGGGGGACGCAGCCATGTACCTGTGTGCTACCAGCAGAGA,AS3,1|0|0|0|0|0|0|0|0|0|0|0|0|0|0|0|0|7|0|0|0|0|0|0|0|0,8,0,0,0,0,TRBV15*05_new,TRUE,,FALSE,FALSE,FALSE,SA255G;SC275T
TRBV15*06,GATGCCATGGTCATCCAGAACCCAAGATACCAGGTTACCCAGTTTGGAAAGCCAGTGACCCTGAGTTGTTCTCAGACTTTGAACCATAACGTCATGTACTGGTACCAGCAGAAGTCAAGTCAGGCCCCAAAGCTGCTGTTCCACTACTATGACAAAGATTTTAACAATGAAGCAGACACCCCTGATAACTTCCAATCCAGGAGGCCGAACACTTCTTTCTGCTTTCTTGACATCCGCTCACCAGGCCTGGGGGATGCAGCCATGTACCTGTGTGCCACCAGCAGAGA,AS3,0|0|0|0|0|0|0|0|0|0|0|0|0|0|0|0|0|4|1|0|0|0|0|0|0|0,5,0,0,0,0,TRBV15*06_new,TRUE,,TRUE,FALSE,FALSE,SC254T;SA255G
TRBV16*01,GGTGAAGAAGTCGCCCAGACTCCAAAACATCTTGTCAGAGGGGAAGGACAGAAAGCAAAATTATATTGTGCCCCAATAAAAGGACACAGTTATGTTTTTTGGTACCAACAGGTCCTGAAAAACGAGTTCAAGTTCTTGATTTCCTTCCAGAATGAAAATGTCTTTGATGAAACAGGTATGCCCAAGGAAAGATTTTCAGCTAAGTGCCTCCCAAATTCACCCTGTAGCCTTGAGATCCAGGCTACGAAGCTTGAGGATTCAGCAGTGTATTTTTGTGCCAGCAGCCAATC,AS1,94|79|171|200|198|211|210|176|95|210|200|212|129|211|202|210|196|96|71|123|165|192|186|203|221|101,665,650,1027,1040,980,TRBV16*01,FALSE,F,FALSE,FALSE,FALSE,Default
TRBV16*03,GGTGAAGAAGTCGCCCAGACTCCAAAACATCTTGTCAGAGGGGAAGGACAGAAAGCAAAATTATATTGTGCCCCAATAAAAGGACACAGTTAGGTTTTTTGGTACCAACAGGTCCTGAAAAACGAGTTCAAGTTCTTGATTTCCTTCCAGAATGAAAATGTCTTTGATGAAACAGGTATGCCCAAGGAAAGATGTTCAGCTAAGTGCCTCCCAAATTCACCCTGTAGCCTTGAGATCCAGGCTACGAAGCTTGAGGATTCAGCAGTGTATTTTTGTGCCAGCAGCCAATC,AS3,1|1|0|0|0|0|0|0|0|0|0|0|0|0|0|0|0|9|2|0|0|0|0|0|0|2,15,0,0,0,0,TRBV16*03_new,TRUE,,TRUE,FALSE,FALSE,ST92G;ST193G
TRBV18*01,AATGCCGGCGTCATGCAGAACCCAAGACACCTGGTCAGGAGGAGGGGACAGGAGGCAAGACTGAGATGCAGCCCAATGAAAGGACACAGTCATGTTTACTGGTATCGGCAGCTCCCAGAGGAAGGTCTGAAATTCATGGTTTATCTCCAGAAAGAAAATATCATAGATGAGTCAGGAATGCCAAAGGAACGATTTTCTGCTGAATTTCCCAAAGAGGGCCCCAGCATCCTGAGGATCCAGCAGGTAGTGCGAGGAGATTCGGCAGCTTATTTCTGTGCCAGCTCACCACC,AS1,68|59|101|196|123|190|190|119|59|156|134|121|82|136|108|191|180|68|57|69|98|100|101|109|129|65,458,387,947,678,539,TRBV18*01,FALSE,F,FALSE,TRUE,TRUE,Default
TRBV18*03,AATGCCGGCGTCATGCAGAACCCAAGACACCTGGTCAGGAGGAGGGGACAGGAGGCAAGACTGAGATGCAGCCCAGTGAAAGGACACAGTCATGTTTACTGGTATCGGCAGCTCCCAGAGGAAGGTCTGAAATTCATGGTTTATCTCCAGAAAGAAAATATCATAGATGAGTCAGGAATGCCAAAGGAACGATTTTCTGCTGAATTTCCCAAAGAGGGCCCCAGCATCCTGAGGATCCAGCAGGTAGTGCGAGGAGATTCGGCAGCTTATTTCTGTGCCAGCTCACCACC,AS2,86|36|0|0|0|0|0|11|100|0|0|0|96|2|0|0|0|92|89|5|5|0|21|0|1|103,602,42,0,3,0,TRBV18*03_new,TRUE,,TRUE,FALSE,FALSE,SA75G
TRBV18*04,AATGCCGACGTCATGCAGAACCCAAGACACCTGGTCAGGAGGAGGGGACAGGAGGCAAGACTGAGATGCAGCCCAATGAAAGGACACAGTCATGTTTACTGGTATCGGCAGCTCCCAGAGGAAGGTCTGAAATTCATGGTTTATCTCCAGAAAGAAAATATCATAGATGAGTCAGGAATGCCAAAGGAACGATTTTCTGCTGAATTTCCCAAAGAGGGCCCCAGCATCCTGAGGATCCAGCAGGTAGTGCGAGGAGATTCGGCAGCTTATTTCTGTGCCAGCTCACCACC,AS2,11|6|0|0|0|0|0|0|14|0|0|0|14|0|0|0|0|12|4|0|0|0|1|0|0|14,75,1,0,0,0,TRBV18*04_new,TRUE,,TRUE,FALSE,FALSE,SG7A
TRBV19*01,GATGGTGGAATCACTCAGTCCCCAAAGTACCTGTTCAGAAAGGAAGGACAGAATGTGACCCTGAGTTGTGAACAGAATTTGAACCACGATGCCATGTACTGGTACCGACAGGACCCAGGGCAAGGGCTGAGATTGATCTACTACTCACAGATAGTAAATGACTTTCAGAAAGGAGATATAGCTGAAGGGTACAGCGTCTCTCGGGAGAAGAAGGAATCCTTTCCTCTCACTGTGACATCGGCCCAAAAGAACCCGACAGCTTTCTATCTCTGTGCCAGTAGTATAGA,AS2,140|75|70|5|73|22|21|73|155|53|65|91|178|78|98|18|21|160|145|60|70|89|108|94|92|170,1023,311,87,361,442,TRBV19*01,FALSE,F,FALSE,TRUE,TRUE,Default
TRBV19*03,GATGGTGGAATCACTCAGTCCCCGAAGTACCTGTTCAGAAAGGAAGGACAGAATGTGACCCTGAGTTGTGAACAGAATTTGAACCACGATGCCATGTACTGGTACCGACAGGACCCAGGGCAAGGGCTGAGATTGATCTACTACTCACAGATAGTAAATGACTTTCAGAAAGGAGATATAGCTGAAGGGTACAGCGTCTCTCGGGAGAAGAAGGAATCCTTTCCTCTCACTGTGACATCGGCCCAAAAGAACCCGACAGCTTTCTATCTCTGTGCCAGTAGTATAGA,AS2,2|3|10|52|20|47|42|36|1|22|17|17|5|34|14|56|46|3|3|23|73|13|27|13|14|1,18,159,243,107,67,TRBV19*04,FALSE,F,FALSE,FALSE,FALSE,SA23G
TRBV19*04,GATGGTGGAATCACTCAGTCCCCAAAGTACCTGTTCAGAAAGGAAGGACAGAATGTGACCCTGAGTTGTGAACAGAATTTGAACCACGATGCCATGTACTGGTACCGACAGGACCCAGGGCAAGGGCTGAGATTGATCTACTACTCACACATAGTAAATGACTTTCAGAAAGGAGATATAGCTGAAGGGTACAGCGTCTCTCGGGAGAAGAAGGAATCCTTTCCTCTCACTGTGACATCGGCCCAAAAGAACCCGACAGCTTTCTATCTCTGTGCCAGTAGTATAGA,AS1,16|7|0|0|0|0|0|2|24|0|0|0|10|0|0|0|0|2|11|0|0|0|1|0|0|19,89,3,0,0,0,TRBV19*03,FALSE,F,FALSE,FALSE,FALSE,SG149C
TRBV2*01,GAACCTGAAGTCACCCAGACTCCCAGCCATCAGGTCACACAGATGGGACAGGAAGTGATCTTGCGCTGTGTCCCCATCTCTAATCACTTATACTTCTATTGGTACAGACAAATCTTGGGGCAGAAAGTCGAGTTTCTGGTTTCCTTTTATAATAATGAAATCTCAGAGAAGTCTGAAATATTCGATGATCAATTCTCAGTTGAAAGGCCTGATGGATCAAATTTCACTCTGAAGATCCGGTCCACAAAGCTGGAGGACTCAGCCATGTACTTCTGTGCCAGCAGTGAAGC,AS1,178|109|170|198|196|211|210|186|184|210|196|209|199|213|202|210|198|179|158|127|168|192|207|203|218|197,1204,688,1027,1033,976,TRBV2*01,FALSE,F,FALSE,TRUE,TRUE,Default
TRBV2*02,GAACCTGAAGTCACCCAGACTCCCAGCCATCAGGTCACACAGATGGGACAGGAAGTGATCTTGCACTGTGTCCCCATCTCTAATCACTTATACTTCTATTGGTACAGACAAATCTTGGGGCAGAAAGTCGAGTTTCTGGTTTCCTTTTATAATAATGAAATCTCAGAGAAGTCTGAAATATTCGATGATCAATTCTCAGTTGAAAGGCCTGATGGATCAAATTTCACTCTGAAGATCCGGTCCACAAAGCTGGAGGACTCAGCCATGTACTTCTGTGCCAGCAGTGAAGC,AS1,7|8|0|0|2|0|0|4|11|0|4|0|9|1|1|0|0|13|17|0|0|0|1|0|4|7,72,5,0,11,1,TRBV2*02_new,TRUE,,TRUE,FALSE,FALSE,SG64A
TRBV20-1*01,GGTGCTGTCGTCTCTCAACATCCGAGCAGGGTTATCTGTAAGAGTGGAACCTCTGTGAAGATCGAGTGCCGTTCCCTGGACTTTCAGGCCACAACTATGTTTTGGTATCGTCAGTTCCCGAAACAGAGTCTCATGCTGATGGCAACTTCCAATGAGGGCTCCAAGGCCACATACGAGCAAGGCGTCGAGAAGGACAAGTTTCTCATCAACCATGCAAGCCTGACCTTGTCCACTCTGACAGTGACCAGTGCCCATCCTGAAGACAGCAGCTTCTACATCTGCAGTGCTAGAGA,AS2,154|79|70|4|74|23|20|74|178|53|64|93|182|78|97|18|18|157|145|60|69|90|108|96|93|187,1082,311,83,362,446,TRBV20-1*02,FALSE,F,FALSE,FALSE,FALSE,ST27A
TRBV20-1*02,GGTGCTGTCGTCTCTCAACATCCGAGCTGGGTTATCTGTAAGAGTGGAACCTCTGTGAAGATCGAGTGCCGTTCCCTGGACTTTCAGGCCACAACTATGTTTTGGTATCGTCAGTTCCCGAAACAGAGTCTCATGCTGATGGCAACTTCCAATGAGGGCTCCAAGGCCACATACGAGCAAGGCGTCGAGAAGGACAAGTTTCTCATCAACCATGCAAGCCTGACCTTGTCCACTCTGACAGTGACCAGTGCCCATCCTGAAGACAGCAGCTTCTACATCTGCAGTGCTAGAGA,AS2,34|39|91|143|102|142|148|77|19|134|118|100|32|103|89|137|132|45|20|44|26|87|70|95|113|21,210,217,702,570,462,TRBV20-1*01,FALSE,F,FALSE,TRUE,TRUE,Default
TRBV20-1*03,GGTGCTGTCGTCTCTCAACATCCGAGCAGGGTTATCTGTAAGAGTGGAACCTCTGTGAAGATCGAGTGCCGTTCCCTGGACTTTCAGGCCACAACTATGTTTTGGTATCGTCAGTTCCCGAAAAAGAGTCTCATGCTGATGGCAACTTCCAATGAGGGCTCCAAGGCCACATACGAGCAAGGCGTCGAGAAGGACAAGTTTCTCATCAACCATGCAAGCCTGACCTTGTCCACTCTGACAGTGACCAGTGCCCATCCTGAAGACAGCAGCTTCTACATCTGCAGTGCTAGAGA,AS1,3|3|10|49|20|47|41|36|2|22|17|16|12|32|14|55|46|3|5|24|75|13|28|13|14|2,30,163,238,105,66,TRBV20-1*03_new,TRUE,,TRUE,FALSE,FALSE,ST27A;SC123A
TRBV20-1*04,GGTGCTGTCGTCTCTCAACATCCGAGCTGGGTTATCTGTAAGAGTGGAACCTCTGTGAAGATCGAGTGCCGTTCCCTGGACTTTCAGGCCACAACTATGTTTTGGTATCGTCAGTTCCCGAAAAAGAGTCTCATGCTGATGGCAACTTCCAATGAGGGCTCCAAGGCCACATACGAGCAAGGCGTCGAGAAGGACAAGTTTCTCATCAACCATGCAAGCCTGACCTTGTCCACTCTGACAGTGACCAGTGCCCATCCTGAAGACAGCAGCTTCTACATCTGCAGTGCTAGAGA,AS3,0|0|0|0|2|0|0|2|0|1|1|1|0|1|4|0|0|0|0|0|0|2|2|0|2|0,0,4,0,7,7,TRBV20-1*04_new,TRUE,,TRUE,FALSE,FALSE,SC123A
TRBV20-1*05,GGTGCTGTCGTCTCTCAACATCCGAGCAGGGTTATCTGTAAGAGTGGAACCTCTGTGAAGATCGAGTGCCGTTCCCTGGACTTTCAGGCCACAACTATGTTTTGGTATCGTCAGTTCCCGAAACAGAGTCTCATGCTGATGGCAACTTCCAATGAGGGCTCCAAGGCCACATACGAGCAAGGCGTCGAGAAGGACAAGTTTCTCATCAACCATGCAAGCCTGACCTTATCCACTCTGACAGTGACCAGTGCCCATCCTGAAGACAGCAGCTTCTACATCTGCAGTGCTAGAGA,AS3,1|1|0|0|0|0|0|1|0|0|0|0|0|0|0|0|0|1|9|0|0|0|0|0|0|0,12,1,0,0,0,TRBV20-1*05_new,TRUE,,TRUE,FALSE,FALSE,ST27A;SG227A
TRBV20-1*06,GGTGCTGTCGTCTCTCAACATCCGAGCAGGGTTATCTGTAAGAGTGGAACCTCTGTGAAGATCGAGTGCCGTTCCCTGGACTTTCAGGCCACAACTATGTTTTGGTATCGTCAGTTCCCGAAACAGAGTCTCATGCTGATGGCAACTTCCAATGAGGGCTCCAAGGCCACATACGAGCAAGGCGTCGAGAAGGACAAGTTTCTCATCAACCATGCAAGCCTGACCTTGTCCACTCTGACAGTGGCCAGTGCCCATCCTGAAGACAGCAGCTTCTACATCTGCAGTGCTAGAGA,AS3,0|0|0|1|0|0|1|0|0|0|0|0|0|0|0|0|2|0|0|0|0|0|0|0|0|0,0,0,4,0,0,TRBV20-1*06_new,TRUE,,TRUE,FALSE,FALSE,ST27A;SA243G
TRBV20-1*07,GGTGCCGTCGTCTCTCAACATCCGAGCTGGGTTATCTGTAAGAGTGGAACCTCTGTGAAGATCGAGTGCCGTTCCCTGGACTTTCAGGCCACAACTATGTTTTGGTATCGTCAGTTCCCGAAACAGAGTCTCATGCTGATGGCAACTTCCAATGAGGGCTCCAAGGCCACATACGAGCAAGGCGTCGAGAAGGACAAGTTTCTCATCAACCATGCAAGCCTGACCTTGTCCACTCTGACAGTGACCAGTGCCCATCCTGAAGACAGCAGCTTCTACATCTGCAGTGCTAGAGA,AS3,0|0|0|0|0|0|0|0|1|0|0|0|0|0|0|0|0|0|0|0|0|0|0|0|0|3,4,0,0,0,0,TRBV20-1*07_new,TRUE,,TRUE,FALSE,FALSE,ST5C
TRBV24-1*01,GATGCTGATGTTACCCAGACCCCAAGGAATAGGATCACAAAGACAGGAAAGAGGATTATGCTGGAATGTTCTCAGACTAAGGGTCATGATAGAATGTACTGGTATCGACAAGACCCAGGACTGGGCCTACGGTTGATCTATTACTCCTTTGATGTCAAAGATATAAACAAAGGAGAGATCTCTGATGGATACAGTGTCTCTCGACAGGCACAGGCTAAATTCTCCCTGTCCCTAGAGTCTGCCATCCCCAACCAGACAGCTCTTTACTTCTGTGCCACCAGTGATTTG,AS1,160|100|127|195|126|197|193|141|168|156|135|153|183|128|146|195|188|174|147|95|143|133|131|159|123|180,1112,510,968,668,718,TRBV24-1*01,FALSE,F,FALSE,TRUE,TRUE,Default
TRBV24-1*02,GATGCTGATGTTACCCAGACCCCAAGGAATAGGATCACAAAGACAGGAAAGAGGATTATGCTGGAATGTTCTCAGACTAAGGGTCATGATAGAATGTACTGGTATCGACAAGACCCAGGACTGGGCCTACAGTTGATCTATTACTCCTTTGATGTCAAAGATATAAACAAAGGAGAGATCTCTGATGGATACAGTGTCTCTCGACAGGCACAGGCTAAATTCTCCCTGTCCCTAGAGTCTGCCATCCCCAACCAGACAGCTCTTTACTTCTGTGCCACCAGTGATTTG,AS1,33|22|45|4|72|15|16|49|31|54|65|59|43|84|58|15|10|32|32|33|27|59|75|45|97|34,227,184,60,372,266,TRBV24-1*02,FALSE,F,FALSE,FALSE,FALSE,SG130A
TRBV25-1*01,GAAGCTGACATCTACCAGACCCCAAGATACCTTGTTATAGGGACAGGAAAGAAGATCACTCTGGAATGTTCTCAAACCATGGGCCATGACAAAATGTACTGGTATCAACAAGATCCAGGAATGGAACTACACCTCATCCACTATTCCTATGGAGTTAATTCCACAGAGAAGGGAGATCTTTCCTCTGAGTCAACAGTCTCCAGAATAAGGACGGAGCATTTTCCCCTGACCCTGGAGTCTGCCAGGCCCTCACATACCTCTCAGTACCTCTGTGCCAGCAGTGAATA,AS2,145|74|58|62|87|74|67|96|155|69|73|80|182|108|69|80|59|140|145|60|105|70|114|54|114|172,1013,375,342,451,331,TRBV25-1*01,FALSE,F,FALSE,TRUE,TRUE,Default
TRBV25-1*03,GAAGCTGACATCTACCAGACCCCAAGATACCTTGTTATAGGCACAGGAAAGAAGATCACTCTGGAATGTTCTCAAACCATGGGCCATGACAAAATGTACTGGTATCAACAAGATCCAGGAATGGAACTACACCTCATCCACTATTCCTATGGAGTTAATTCCACAGAGAAGGGAGATCTTTCCTCTGAGTCAACAGTCTCCAGAATAAGGACGGAGCATTTTCCCCTGACCCTGGAGTCTGCCAGGCCCTCACATACCTCTCAGTACCTCTGTGCCAGCAGTGAATA,AS2,13|7|0|0|0|0|0|2|26|0|0|0|11|0|0|0|0|3|14|0|0|0|1|0|0|19,93,3,0,0,0,TRBV25-1*02,FALSE,F,FALSE,FALSE,FALSE,SG41C
TRBV25-1*04,GAAGCTGACATCTACCAGACCCCAAGATACCTTGTTATAGGGACAGGAAAGAAGATCACTCTGGAATGTTCTCAAACCATGGGCCATGACAAAATGTACTGGTATCAACAAGATCCAGGAATGGAACTACACCTCAGCCACTATTCCTATGGAGTTAATTCCACAGAGAAGGGAGATCTTTCCTCTGAGTCAACAGTCTCCAGAATAAGGACGGAGCATTTTCCCCTGACCCTGGAGTCTGCCAGGCCCTCACATACCTCTCAGTACCTCTGTGCCAGCAGTGAATA,AS3,0|0|0|0|0|0|0|0|0|0|0|0|0|0|0|0|0|12|0|0|0|0|0|0|0|0,12,0,0,0,0,TRBV25-1*04_new,TRUE,,TRUE,FALSE,FALSE,ST136G
TRBV25-1*05,GAAGCTGACATCTACCAGACCCCAAGATACCTTGTTATAGGGACAGGAAAGAAGATCACTCTGGAATGTTCTCAAACCATGGGCCATGACAAAATGTACTGGTATCAACAAGATCCAGGAATGGAACTACACCTCATCCACTATTCCTATGGAGTTAATTCCACAGAGAAGGGAGATCTTTCCTCTGAGTCAACAGTCTCCAGAATAAGGACGGAGCATTTTCCCCTGACCCTGGAGTCTGCCAGGCCCTCACGTACCTCTCAGTACCTCTGTGCCAGCAGTGAATA,AS3,2|1|0|0|0|0|0|0|5|0|0|0|1|0|0|0|0|0|0|0|0|0|0|0|0|1,10,0,0,0,0,TRBV25-1*05_new,TRUE,,TRUE,FALSE,FALSE,SA253G
TRBV27*01,GAAGCCCAAGTGACCCAGAACCCAAGATACCTCATCACAGTGACTGGAAAGAAGTTAACAGTGACTTGTTCTCAGAATATGAACCATGAGTATATGTCCTGGTATCGACAAGACCCAGGGCTGGGCTTAAGGCAGATCTACTATTCAATGAATGTTGAGGTGACTGATAAGGGAGATGTTCCTGAAGGGTACAAAGTCTCTCGAAAAGAGAAGAGGAATTTCCCCCTGATCCTGGAGTCGCCCAGCCCCAACCAGACCTCTCTGTACTTCTGTGCCAGCAGTTTATC,AS1,178|113|170|199|198|211|208|188|163|210|200|212|212|213|202|210|197|195|159|126|169|192|206|204|222|181,1201,689,1025,1043,980,TRBV27*01,FALSE,F,FALSE,TRUE,TRUE,Default
TRBV27*02,GAAGCCCAAGTGACCCAGAACCCAAGATACCTCATCACAGTGACTGGAAAGAAGTTAACAGTGACTTGTTCTCAGAATATGAACCATGAGTATATGTCCTGGTATCGACAAGACCCAGGGCTGGGCTTAAGGCAGATCTACTATTCAATGAATGTTGAGGCGACTGATAAGGGAGATGTTCCTGAAGGGTACAAAGTCTCTCGAAAAGAGAAGAGGAATTTCCCCCTGATCCTGGAGTCGCCCAGCCCCAACCAGACCTCTCTGTACTTCTGTGCCAGCAGTTTATC,AS2,16|8|0|0|0|0|0|2|35|0|0|0|12|0|0|0|0|8|16|1|1|0|2|0|0|29,124,6,0,0,0,TRBV27*02,FALSE,F,FALSE,FALSE,FALSE,ST160C
TRBV27*03,GAAGCCCAAGTGACCCAGAACCCAAGATACCTCATCACAGTGACTGGAAAGAAGTTAACAGTGACTTGTTCTCAGAATATGAACCATGAGTATATGTCCTGGTATCGACAAGACCCAGGGCTGGGCTTAAGGCAGATCTACTATTCAATGAATGTTGAGGTGACTGATAAGGGAGGTGTTCCTGAAGGGTACAAAGTCTCTCGAAAAGAGAAGAGGAATTTCCCCCTGATCCTGGAGTCGCCCAGCCCCAACCAGACCTCTCTGTACTTCTGTGCCAGCAGTTTATC,AS3,0|1|0|0|0|0|0|0|1|0|0|0|2|0|0|0|0|0|5|0|0|0|0|0|0|1,10,0,0,0,0,TRBV27*03_new,TRUE,,TRUE,FALSE,FALSE,SA175G
TRBV27*04,GAAGCCCAAGTGACCCAGAACCCAAGATACCTCATCACAGTGACTGGAAAGAAGTTAACAGTGACTTGTTCTCAGAATATGAACCATGAGTATATGTCCTGGTATCGACAAGACCCAGGGCTGGGCTTAAGGCAGATCTACTATTCAATGAATGTTGAGGTGACTGATAAGGGAGATGTTCCTGAAGGGTACAAAGTCTCTTGAAAAGAGAAGAGGAATTTCCCCCTGATCCTGGAGTCGCCCAGCCCCAACCAGACCTCTCTGTACTTCTGTGCCAGCAGTTTATC,AS3,0|0|0|0|0|0|0|0|1|0|0|0|0|0|0|0|0|0|0|0|0|0|0|0|0|3,4,0,0,0,0,TRBV27*04_new,TRUE,,TRUE,FALSE,FALSE,SC201T
TRBV28*01,GATGTGAAAGTAACCCAGAGCTCGAGATATCTAGTCAAAAGGACGGGAGAGAAAGTTTTTCTGGAATGTGTCCAGGATATGGACCATGAAAATATGTTCTGGTATCGACAAGACCCAGGTCTGGGGCTACGGCTGATCTATTTCTCATATGATGTTAAAATGAAAGAAAAAGGAGATATTCCTGAGGGGTACAGTGTCTCTAGAGAGAAGAAGGAGCGCTTCTCCCTGATTCTGGAGTCCGCCAGCACCAACCAGACATCTATGTACCTCTGTGCCAGCAGTTTATG,AS2,190|120|171|199|198|211|210|188|191|210|199|211|224|211|204|210|196|203|179|127|169|192|207|202|222|205,1312,691,1026,1040,980,TRBV28*01,FALSE,F,FALSE,TRUE,TRUE,Default
TRBV28*02,GATGTGAAAGTAACCCAGAGCTCGAGATATCTAGTCAAAAGGATGGGAGAGAAAGTTTTTCTGGAATGTGTCCAGGATATGGACCATGAAAATATGTTCTGGTATCGACAAGACCCAGGTCTGGGGCTACGGCTGATCTATTTCTCATATGATGTTAAAATGAAAGAAAAAGGAGATATTCCTAAGGGGTACAGTGTCTCTAGAGAGAAGAAGGAGCGCTTCTCCCTGATTCTGGAGTCCGCCAGCACCAACCAGACATCTATGTACCTCTGTGCCAGCAGTTTATG,AS2,2|2|0|0|0|0|0|0|9|0|0|0|1|0|0|0|0|3|1|1|1|0|1|0|0|7,25,3,0,0,0,TRBV28*02_new,TRUE,,TRUE,FALSE,FALSE,SC43T;SG183A
TRBV29-1*01,AGTGCTGTCATCTCTCAAAAGCCAAGCAGGGATATCTGTCAACGTGGAACCTCCCTGACGATCCAGTGTCAAGTCGATAGCCAAGTCACCATGATGTTCTGGTACCGTCAGCAACCTGGACAGAGCCTGACACTGATCGCAACTGCAAATCAGGGCTCTGAGGCCACATATGAGAGTGGATTTGTCATTGACAAGTTTCCCATCAGCCGCCCAAACCTAACATTCTCAACTCTGACTGTGAGCAACATGAGCCCTGAAGACAGCAGCATATATCTCTGCAGCGTTGAAGA,AS1,192|121|170|197|196|205|202|176|198|210|200|212|223|214|203|198|196|203|178|106|130|192|190|203|222|211,1326,602,998,1042,980,TRBV29-1*01,FALSE,F,FALSE,TRUE,TRUE,Default
TRBV29-1*02,AGTGCTGTCATCTCTCAAAAGCCAAGCAGGGATATCTGTCAACGTGGAACCTCCCTGACGATCCAGTGTCAAGTCGATAGCCAAGTCACCATGATGTTCTGGTACCGTCAGCAACCTGGACAGAGCCTGACACTGATCGCAACTGCAAATCAGGGCTCTGAGGCCACATATGAGAGTGGATTTGTCATTGACAAGTTTCCCATCAGCCGCCCAAACCTAACATTCTCAACTCTGACTGTGAGCAACCTGAGCCCTGAAGACAGCAGCATATATCTCTGCAGCGTTGAAGA,AS2,0|0|1|2|1|6|6|14|0|0|0|0|0|0|1|6|2|0|0|22|40|0|18|0|0|0,0,94,22,1,2,TRBV29-1*02_new,TRUE,,TRUE,FALSE,FALSE,SA246C
TRBV29-1*03,AGTGCTGTCATCTCTCAAAAGCCAAGCAGGGATATCTGTCAACGTGGAACCTCCCTGACGATCCAGTGTCAAGTCGATAGCCAAGTCACCATGATGTTCTGGTACCGTCAGCAACCTGGACAGAGCCTGACACTGATCGCAACTGCAAATCAGGGCTCTGAGGCCACATATGAGAGTGGATTTGTCACTGACAAGTTTCCCATCAGCCGCCCAAACCTAACATTCTCAACTCTGACTGTGAGCAACATGAGCCCTGAAGACAGCAGCATATATCTCTGCAGCGTTGAAGA,AS3,1|0|0|0|0|0|0|0|2|0|0|0|0|0|0|0|0|2|2|0|0|0|0|0|0|0,7,0,0,0,0,TRBV29-1*03_new,TRUE,,TRUE,FALSE,FALSE,ST187C
TRBV29-1*04,AGTGCTGTCATCTCTCAAAAGCCAAGCAGGGATATCTGTCAACGTGGAACCTCCCTGACGATCCAGTGTCAAGTCGATAGCCAAGTCACCATGATGTTCTGGTACCGTCAGCAACCTAGACAGAGCCTGACACTGATCGCAACTGCAAATCAGGGCTCTGAGGCCACATATGAGAGTGGATTTGTCATTGACAAGTTTCCCATCAGCCGCCCAAACCTAACATTCTCAACTCTGACTGTGAGCAACATGAGCCCTGAAGACAGCAGCATATATCTCTGCAGCGTTGAAGA,AS3,0|0|0|0|0|0|0|0|0|0|0|0|0|0|0|5|0|0|0|0|0|0|0|0|0|0,0,0,5,0,0,TRBV29-1*04_new,TRUE,,TRUE,FALSE,FALSE,SG117A
TRBV29-1*05,AGTGCTGTCATCTCTCAAAAGCCAAGCAGGGATATCTGTCAACGTGGAACCTCCCTGACGATCCAGTGTCAAGTCGATAGCCAAGTCACCATGATGTTCTGGTACCGTCAGCAACCTGGACAGAGCCTGACACTGATCGCAACTGCAAATCAGGGCTCTGAGGCCACATATGAGAGTGGATTTGTCATTCACAAGTTTCCCATCAGCCGCCCAAACCTAACATTCTCAACTCTGACTGTGAGCAACATGAGCCCTGAAGACAGCAGCATATATCTCTGCAGCGTTGAAGA,AS3,1|0|0|0|0|0|0|0|0|0|0|0|2|0|0|0|0|1|0|0|0|0|0|0|0|2,6,0,0,0,0,TRBV29-1*05_new,TRUE,,TRUE,FALSE,FALSE,SG189C
TRBV30*01,TCTCAGACTATTCATCAATGGCCAGCGACCCTGGTGCAGCCTGTGGGCAGCCCGCTCTCTCTGGAGTGCACTGTGGAGGGAACATCAAACCCCAACCTATACTGGTACCGACAGGCTGCAGGCAGGGGCCTCCAGCTGCTCTTCTACTCCGTTGGTATTGGCCAGATCAGCTCTGAGGTGCCCCAGAATCTCTCAGCCTCCAGACCCCAGGACCGGCAGTTCATCCTGAGTTCTAAGAAGCTCCTTCTCAGTGACTCTGGCTTCTATCTCTGTGCCTGGAGTGT,AS1,47|41|127|174|119|180|174|116|40|126|124|142|46|132|146|185|168|65|24|85|134|144|125|154|140|42,305,460,881,641,713,TRBV30*01,FALSE,F,FALSE,TRUE,TRUE,Default
TRBV30*02,TCTCAGACTATTCATCAATGGCCAGCGACCCTGGTGCAGCCTGTGGGCAGCCCGCTCTCTCTGGAGTGCACTGTGGAGGGAACATCAAACCCCAACCTATACTGGTACCGACAGGCTGCAGGCAGGGGCCTCCAGCTGCTCTTCTACTCCGTTGGTATTGGCCAGATCAGCTCTGAGGTGCCCCAGAATCTCTCAGCCTCCAGACCCCAGGACCGGCAGTTCATCCTGAGTTCTAAGAAGCTCCTCCTCAGTGACTCTGGCTTCTATCTCTGTGCCTGGAGTGT,AS1,80|47|23|10|15|6|7|21|91|37|21|50|120|24|28|5|6|64|97|12|9|19|23|20|23|101,600,65,34,120,140,TRBV30*02,FALSE,F,FALSE,FALSE,FALSE,ST245C
TRBV30*04,TCTCAGACTATTCATCAATGGCCAGCGACCCTGGTGCAGCCTGTGGGCAGCCCGCTCTCTCTGGAGTGCACTGTGGAGGGAACATCAAACCCCAACCTATACTGGTACCGACAGGCTGCAGGCAGGGGCCTCCAGCTGCTCTTCTACTCCATTGGTATTGACCAGATCAGCTCTGAGGTGCCCCAGAATCTCTCAGCCTCCAGACCCCAGGACCGGCAGTTCATTCTGAGTTCTAAGAAGCTCCTCCTCAGTGACTCTGGCTTCTATCTCTGTGCCTGGAGTGT,AS1,35|19|0|0|1|0|0|4|50|0|0|0|31|0|0|0|0|60|32|2|0|0|6|0|0|60,287,12,0,1,0,TRBV30*04_new,TRUE,,TRUE,FALSE,FALSE,SG150A;SG160A;SC224T;ST245C
TRBV30*05,TCTCAGACTATTCATCAATGGCCAGCGACCCTGGTGCAGCCTGTGGGCAGCCCGCTCTCTCTGGAGTGCACTGTGGAGGGAACATCAAACCCCAACCTATACTGGTACCGACAGGCTGCAGGCAGGGGCCTCCAGCTGCTCTTCTACTCCATTGGTATTGGCCAGATCAGCTCTGAGGTGCCCCAGAATCTCTCAGCCTCCAGACCCCAGGACCGGCAGTTCATTCTGAGTTCTAAGAAGCTCCTCCTCAGTGACTCTGGCTTCTATCTCTGTGCCTGGAGTGT,AS2,15|4|0|0|0|0|0|1|12|0|0|0|17|0|0|0|0|6|16|0|0|0|3|0|0|7,77,4,0,0,0,TRBV30*05_new,TRUE,,TRUE,FALSE,FALSE,SG150A;SC224T;ST245C
TRBV30*06,TCTCAGACTATTCATCAATGGCCAGCGACCCTGGTGCAGCCTGTGGGCAGCCCGCTCTCTCTGGAGTGCACTGTGGAGGGAACATCAAACCCCAACCTATACTGGTACCGACAGGCTGCAGGCAGGGGCCTCCAGCTGCTCTTCTACTCCATTGGTATTGGCCAGATCAGCTCTGAGGTGCCCCAGAATCTCTCAGCCTCCAGACCCCAGGACTGGCAGTTCATTCTGAGTTCTAAGAAGCTCCTCCTCAGTGACTCTGGCTTCTATCTCTGTGCCTGGAGTGT,AS3,4|1|0|0|0|0|0|0|3|0|0|0|2|0|0|0|0|0|0|0|0|0|0|0|0|0,10,0,0,0,0,TRBV30*06_new,TRUE,,TRUE,FALSE,FALSE,SG150A;SC213T;SC224T;ST245C
TRBV30*07,TCTCAGACTATTCATCAATGGCCAGCGACCCTGGTGCAGCCTGTGGGCAGCCCGCTCTCTCTGGAGTGCACTGTGGAGGGAACATCAAACCCCAACCTATACTGGTACTGACAGGCTGCAGGCAGGGGCCTCCAGCTGCTCTTCTACTCCGTTGGTATTGGCCAGATCAGCTCTGAGGTGCCCCAGAATCTCTCAGCCTCCAGATCCCAGGACCAGCAGTTCATCCTGAGTTCTAAGAAGCTCCTCCTCAGTGACTCTGGCTTCTATCTCTGTGCCTGGAGTGT,AS3,0|0|0|1|0|0|2|0|0|0|0|0|0|0|0|0|1|0|0|0|0|0|0|0|0|0,0,0,4,0,0,TRBV30*07_new,TRUE,,TRUE,FALSE,FALSE,SC108T;SC204T;SG214A;ST245C
TRBV30*08,TCTCAGACTATTCATCAATGGCCAGCGACCCTGGTGCAGCCTGTGGGCAGCCCGCTCTCTCTGGAGTGCACTGTGGAGGGAACATCAAACCCCAACCTATACTGGTACCGACAGGCTGCAGGCAGGGGCCTCCAGCTGCTCTTCTACTCCGTTGGTATTGGCCAGATCAGCTCTGAGGTGCCCCAGAATCTCTCAGCCTCCAGACCCCAGGACCGGCAGTTCATCCTGAGTTCTAAGAAGCTCCTTCTCAGTGACTCTAGCTTCTATCTCTGTGCCTGGAGTGT,AS3,0|0|0|0|0|0|0|0|0|0|2|0|0|2|0|0|0|0|0|1|0|0|0|0|2|0,0,1,0,6,0,TRBV30*08_new,TRUE,,TRUE,FALSE,FALSE,SG258A
TRBV30*09,TCTCAGACTATTCATCAATGGCCAGCGACCCTGGTGCAGCCTGTGGGCAGCCCGCTCTCTCTGGAGTGCACTGTGGAGGGAACATCAAAACCCAACCTATACTGGTACTGACAGGCTGCAGGCAGGGGCCTCCAGCTGCTCTTCTACTCCGTTGGTATTGGCCAGATCAGCTCTGAGGTGCCCCAGAATCTCTCAGCCTCCAGATCCCAGGACCGGCAGTTCATCCTGAGTTCTAAGAAGCTCCTCCTCAGTGACTCTGGCTTCTATCTCTGTGCCTGGAGTGT,AS3,2|0|0|0|0|0|0|0|0|0|0|0|0|0|0|0|0|1|0|0|0|0|0|0|0|1,4,0,0,0,0,TRBV30*09_new,TRUE,,TRUE,FALSE,FALSE,SC89A;SC108T;SC204T;ST245C
TRBV30*10,TCTCAGACTATTCATCAATGGCCAGCGACCCTGGTGCAGCCTGTGGGCAGCCCGCTCTCTCTGGAGTGCACTGTGGAGGGAACATCAAACCCCAACCTATACTGGTACTGACAGGCTGCAGGCAGGGGCCTCCAGCTGCTCTTCTACTCCGTTGGTATTGGCCAGATCAGCTCTGAGGTGCCCCAGAATCTCTCACCCTCCAGATCCCAGGACCGGCAGTTCATCCTGAGTTCTAAGAAGCTCCTCCTCAGTGACTCTGGCTTCTATCTCTGTGCCTGGAGTGT,AS3,0|0|0|0|0|1|3|0|0|0|0|0|0|0|0|0|1|0|0|0|0|0|0|0|0|0,0,0,5,0,0,TRBV30*10_new,TRUE,,TRUE,FALSE,FALSE,SC108T;SG195C;SC204T;ST245C
TRBV3-1*01,GACACAGCTGTTTCCCAGACTCCAAAATACCTGGTCACACAGATGGGAAACGACAAGTCCATTAAATGTGAACAAAATCTGGGCCATGATACTATGTATTGGTATAAACAGGACTCTAAGAAATTTCTGAAGATAATGTTTAGCTACAATAATAAGGAGCTCATTATAAATGAAACAGTTCCAAATCGCTTCTCACCTAAATCTCCAGACAAAGCTCACTTAAATCTTCACATCAATTCCCTGGAGCTTGGTGACTCTGCTGTGTATTTCTGTGCCAGCAGCCAAGA,AS1,178|114|172|200|198|212|210|189|186|210|200|210|217|214|203|209|198|192|168|128|168|192|206|204|220|193,1248,691,1029,1042,981,TRBV3-1*01,FALSE,F,FALSE,TRUE,TRUE,Default
TRBV3-1*03,GACACAGCTGTTTCCCAGACTCCAAAATACCTGGTCACACAGATGGGAAACGACAAGTCCATTAAATGTGAACAAAATCTGGGCCATGATACTATGTATTGGTATAAACAGGACTCTAAGAAATTTCTGAAGATAATGTTTAGCTACAATAATAAGGAGCTCATTATAAATAAAACAGTTCCAAATCGCTTCTCACCTAAATCTCCAGACAAAGCTCACTTAAATCTTCACATCAATTCCCTGGAGCTTGGTGACTCTGCTGTGTATTTCTGTGCCAGCAGCCAAGA,AS2,0|5|0|0|0|0|0|0|3|0|0|0|3|0|0|0|0|9|5|0|0|0|0|0|0|2,27,0,0,0,0,TRBV3-1*03_new,TRUE,,TRUE,FALSE,FALSE,SG171A
TRBV4-1*01,GACACTGAAGTTACCCAGACACCAAAACACCTGGTCATGGGAATGACAAATAAGAAGTCTTTGAAATGTGAACAACATATGGGGCACAGGGCTATGTATTGGTACAAGCAGAAAGCTAAGAAGCCACCGGAGCTCATGTTTGTCTACAGCTATGAGAAACTCTCTATAAATGAAAGTGTGCCAAGTCGCTTCTCACCTGAATGCCCCAACAGCTCTCTCTTAAACCTTCACCTACACGCCCTGCAGCCAGAAGACTCAGCCCTGTATCTCTGCGCCAGCAGCCAAGA,AS1,180|112|172|198|197|209|206|188|182|209|200|211|204|214|204|209|197|189|148|127|170|192|201|204|222|198,1213,686,1019,1042,983,TRBV4-1*01,FALSE,F,FALSE,TRUE,TRUE,Default
TRBV4-1*02,GACACTGAAGTTACCCAGACACCAAAACACCTGGTCATGGGAATGACAAATAAGAAGTCTTTGAAATGTGAACAACATATGGGGCACAGGGCTATGTATTGGTACAAGCAGAAAGCTAAGAAGCCACCGGAGCTCATGTTTGTCTACAGCTATGAGAAACTCTCTATAAATGAAAGTGTGCGAAGTCGCTTCTCACCTGAATGCCCCAACAGCTCTCTCTTAAACCTTCACCTACACGCCCTGCAGCCAGAAGACTCAGCCCTGTATCTCTGCGCCAGCAGCCAAGA,AS2,10|7|0|0|0|0|0|2|16|0|0|0|11|0|0|0|0|11|25|0|0|0|2|0|0|12,92,4,0,0,0,TRBV4-1*02_new,TRUE,,TRUE,FALSE,FALSE,SC181G
TRBV4-1*04,GACACTGAAGTTACCCAGACACCAAAACACCTGGTCATGGGAATGACAAATAAGAAGTCTTTGAAATGTGAAAAACATATGGGGCACAGGGCTATGTATTGGTACAAGCAGAAAGCTAAGAAGCCACCGGAGCTCATGTTTGTCTACAGCTATGAGAAACTCTCTATAAATGAAAGTGTGCGAAGTCGCTTCTCACCTGAATGCCCCAACAGCTCTCTCTTAAACCTTCACCTACACGCCCTGCAGCCAGAAGACTCAGCCCTGTATCTCTGCGCCAGCAGCCAAGA,AS3,0|2|0|0|0|0|0|0|0|0|0|0|2|0|0|0|0|3|0|0|0|0|3|0|0|2,9,3,0,0,0,TRBV4-1*04_new,TRUE,,TRUE,FALSE,FALSE,SC72A;SC181G
TRBV4-1*05,GACACTGAAGTTACCCAGACACCAAAACACCTGGTCATGGGAATGACAAATAAGAAGTCTTTGAAATGTGAACAACATATGGGGCACAGGGCTATGTATTGGTACAAGCAGAAAGCTAAGAAGCCACCGGAGCTCATGTTTGTCTACAGCTATGAGAAACTCTCTATAAATTAAAGTGTGCCAAGTCGCTTCTCACCTGAATGCCCCAACAGCTCTCTCTTAAACCTTCACCTACACGCCCTGCAGCCAGAAGACTCAGCCCTGTATCTCTGCGCCAGCAGCCAAGA,AS3,0|0|0|0|0|0|0|0|0|0|0|0|4|0|0|0|0|0|4|0|0|0|2|0|0|1,9,2,0,0,0,TRBV4-1*05_new,TRUE,,TRUE,FALSE,FALSE,SG171T
TRBV4-1*06,GACACTGAAGTTATCCAGACACCAAAACACCTGGTCATGGGAATGACAAATAAGAAGTCTTTGAAATGTGAACAACATATGGGGCACAGGGCTATGTATTGGTACAAGCAGAAAGCTAAGAAGCCACCGGAGCTCATGTTTGTCTACAGCTATGAGAAACTCTCTATAAATGAAAGTGTGCCAAGTCGCTTCTCACCTGAATGCCCCAACAGCTCTCTCTTAAACCTTCACCTACACGCCCTGCAGCCAGAAGACTCAGCCCTGTATCTCTGCGCCAGCAGCCAAGA,AS3,0|0|0|2|0|3|3|0|0|0|0|0|0|0|0|1|1|0|0|0|0|0|0|0|0|0,0,0,10,0,0,TRBV4-1*03,FALSE,F,FALSE,FALSE,FALSE,SC13T
TRBV4-2*01,GAAACGGGAGTTACGCAGACACCAAGACACCTGGTCATGGGAATGACAAATAAGAAGTCTTTGAAATGTGAACAACATCTGGGGCATAACGCTATGTATTGGTACAAGCAAAGTGCTAAGAAGCCACTGGAGCTCATGTTTGTCTACAACTTTAAAGAACAGACTGAAAACAACAGTGTGCCAAGTCGCTTCTCACCTGAATGCCCCAACAGCTCTCACTTATTCCTTCACCTACACACCCTGCAGCCAGAAGACTCGGCCCTGTATCTCTGTGCCAGCAGCCAAGA,AS1,194|122|172|200|198|212|210|190|200|210|200|210|226|214|204|210|198|206|180|128|170|192|208|204|222|213,1341,696,1030,1044,982,TRBV4-2*01,FALSE,F,FALSE,TRUE,TRUE,Default
TRBV5-1*01,AAGGCTGGAGTCACTCAAACTCCAAGATATCTGATCAAAACGAGAGGACAGCAAGTGACACTGAGCTGCTCCCCTATCTCTGGGCATAGGAGTGTATCCTGGTACCAACAGACCCCAGGACAGGGCCTTCAGTTCCTCTTTGAATACTTCAGTGAGACACAGAGAAACAAAGGAAACTTCCCTGGTCGATTCTCAGGGCGCCAGTTCTCTAACTCTCGCTCTGAGATGAATGTGAGCACCTTGGAGCTGGGGGACTCGGCCCTTTATCTTTGCGCCAGCAGCTTGG,AS1,193|122|169|200|198|211|210|190|196|210|198|211|222|212|199|210|196|204|175|128|170|182|207|202|220|211,1323,695,1027,1038,963,TRBV5-1*01,FALSE,F,FALSE,TRUE,TRUE,Default
TRBV5-1*02,AAGGCTGGAGTCACTCAAACTCCAAGATATCTGATCAAAACAAGAGGACAGCAAGTGACACTGAGCTGCTCCCCTATCTCTGGGCATAGGAGTGTATCCTGGTACCAACAGACCCCAGGACAGGGCCTTCAGTTCCTCTTTGAATACTTCAGTGAGACACAGAGAAACAAAGGAAACTTCCCTGGTCGATTCTCAGGGCGCCAGTTCTCTAACTCTCGCTCTGAGATGAATGTGAGCACCTTGGAGCTGGGGGACTCGGCCCTTTATCTTTGCGCCAGCAGCTTGG,AS2,0|0|3|0|0|0|0|0|0|0|0|0|0|0|4|0|2|0|0|0|0|10|0|2|1|0,0,0,2,1,19,TRBV5-1*02_new,TRUE,,TRUE,FALSE,FALSE,SG41A
TRBV5-1*03,AAGGCTGGAGTCACTCAAACTCCAAGATATCTGATCAAAACGAGAGGACAGCAAGTGACACTGAGCTGCTCCCCTATCTCTGGGCATAGGAGTGTATCCTGGTACCAACAGACCCCAGGAGAGGGCCTTCAGTTCCTCTTTGAATACTTCAGTGAGACACAGAGAAACAAAGGAAACTTCCCTGGTCGATTCTCAGGGCGCCAGTTCTCTAACTCTCGCTCTGAGATGAATGTGAGCACCTTGGAGCTGGGGGACTCGGCCCTTTATCTTTGCGCCAGCAGCTTGG,AS3,1|0|0|0|0|0|0|0|4|0|0|0|2|0|0|0|0|2|5|0|0|0|1|0|0|1,15,1,0,0,0,TRBV5-1*03_new,TRUE,,TRUE,FALSE,FALSE,SC120G
TRBV5-4*01,GAGACTGGAGTCACCCAAAGTCCCACACACCTGATCAAAACGAGAGGACAGCAAGTGACTCTGAGATGCTCTTCTCAGTCTGGGCACAACACTGTGTCCTGGTACCAACAGGCCCTGGGTCAGGGGCCCCAGTTTATCTTTCAGTATTATAGGGAGGAAGAGAATGGCAGAGGAAACTTCCCTCCTAGATTCTCAGGTCTCCAGTTCCCTAATTATAGCTCTGAGCTGAATGTGAACGCCTTGGAGCTGGACGACTCGGCCCTGTATCTCTGTGCCAGCAGCTTGG,AS2,158|107|172|200|198|211|210|186|151|210|200|212|196|213|204|210|198|161|131|128|169|191|202|204|221|159,1063,685,1029,1042,983,TRBV5-4*01,FALSE,F,FALSE,TRUE,TRUE,Default
TRBV5-4*02,GACGCTGGAGTCACCCAAAGTCCCACACACCTGATCAAAACGAGAGGACAGCAAGTGACTCTGAGATGCTCTTCTCAGTCTGGGCACAACACTGTGTCCTGGTACCAACAGGCCCTGGGTCAGGGGCCCCAGTTTATCTTTCAGTATTATAGGGAGGAAGAGAATGGCAGAGGAAACTTCCCTCCTAGATTCTCAGGTCTCCAGTTCCCTAATTATAGCTCTGAGCTGAATGTGAACGCCTTGGAGCTGGACGACTCGGCCCTGTATCTCTGTGCCAGCAGCTTGG,AS2,20|9|0|0|0|0|0|3|22|0|0|0|15|1|0|0|0|36|28|0|0|0|2|0|0|25,155,5,0,1,0,TRBV5-4*02_new,TRUE,,TRUE,FALSE,FALSE,I2C;DA3
TRBV5-4*03,GAGACTGGAGTCACCCAAAGTCCCACACACCTGATCAAAACGAGAGGACAGCAAGTGACTCTGAGATGCTCTTCTCAGTCTGGGCACAACACTGTGTCCTGGTACCAACAGGCCCTGGGTCAGGGGCCCCAGTTTATTTTTCAGTATTATAGGGAGGAAGAGAATGGCAGAGGAAACTTCCCTCCTAGATTCTCAGGTCTCCAGTTCCCTAATTATAGCTCTGAGCTGAATGTGAACGCCTTGGAGCTGGACGACTCGGCCCTGTATCTCTGTGCCAGCAGCTTGG,AS2,9|5|0|0|0|0|0|1|14|0|0|0|13|0|0|0|0|1|16|0|1|0|1|0|0|22,80,3,0,0,0,TRBV5-4*05,FALSE,F,FALSE,FALSE,FALSE,SC137T
TRBV5-4*04,GACGCTGGAGTCACCCAAAGTCCCACACACCTGATCAAAACGAGAGGACAGCAAGTGACTCTGAGATGCTCTTCTCAGTCTGGGCACAACACTGTGTCCTGGTACCAACAGGCCCTGGGTCAGGGGCCCCAGTTTATCTTTCAGTATTATAGGAAGGAAGAGAATGGCAGAGGAAACTTCCCTCCTAGATTCTCAGGTCTCCAGTTCCCTAATTATAGCTCTGAGCTGAATGTGAACGCCTTGGAGCTGGACGACTCGGCCCTGTATCTCTGTGCCAGCAGCTTGG,AS2,7|1|0|0|0|0|0|0|10|0|0|0|2|0|0|0|0|6|5|0|0|0|3|0|0|4,35,3,0,0,0,TRBV5-4*04_new,TRUE,,TRUE,FALSE,FALSE,I2C;DA3;SG153A
TRBV5-4*05,GAGACTGGAGTCACCCAAAGTCCCACACATCTGATCAAAACGAGAGGACAGCAAGTGACTCTGAGATGCTCTTCTCAGTCTGGGCACAACACTGTGTCCTGGTACCAACAGGCCCTGGGTCAGGGGCCCCAGTTTATCTTTCAGTATTATAGGGAGGAAGAGAATGGCAGAGGAAACTTCCCTCCTAGATTCTCAGGTCTCCAGTTCCCTAATTATAGCTCTGAGCTGAATGTGAACGCCTTGGAGCTGGACGACTCGGCCCTGTATCTCTGTGCCAGCAGCTTGG,AS3,0|0|0|0|0|0|0|0|3|0|0|0|0|0|0|0|0|1|0|0|0|0|0|0|0|4,8,0,0,0,0,TRBV5-4*05_new,TRUE,,TRUE,FALSE,FALSE,SC29T
TRBV5-5*01,GACGCTGGAGTCACCCAAAGTCCCACACACCTGATCAAAACGAGAGGACAGCAAGTGACTCTGAGATGCTCTCCTATCTCTGGGCACAAGAGTGTGTCCTGGTACCAACAGGTCCTGGGTCAGGGGCCCCAGTTTATCTTTCAGTATTATGAGAAAGAAGAGAGAGGAAGAGGAAACTTCCCTGATCGATTCTCAGCTCGCCAGTTCCCTAACTATAGCTCTGAGCTGAATGTGAACGCCTTGTTGCTGGGGGACTCGGCCCTGTATCTCTGTGCCAGCAGCTTGG,AS1,191|121|168|200|197|211|210|182|198|203|197|210|210|210|203|210|198|201|176|127|169|192|205|201|210|211,1308,683,1029,1017,974,TRBV5-5*01,FALSE,F,FALSE,TRUE,TRUE,Default
TRBV5-5*02,GACGCTGGAGTCACCCAAAGTCCCACACACCTGATCAAAACGAGAGGACAGCAAGTGACTCTGAGATGCTCTCCTATCTCTGGGCACAAGAGTGTGTCCTGGTACCAACAGGTCCTGGGTCAGGGGCCCCAGTTTATCTTTCAGTATTATGAGAAAGAAGAGAGAGGAAGAGGAAACTTCCCTGATCGATTCTCAGCTCGCCAGTTCCCTAACTATAGCTCTGAGCCGAATGTGAACGCCTTGTTGCTGGGGGACTCGGCCCTGTATCTCTGTGCCAGCAGCTTGG,AS2,0|0|3|0|1|1|0|4|1|7|3|2|12|3|1|0|0|3|3|1|1|0|2|2|8|1,20,8,1,22,8,TRBV5-5*02_new,TRUE,,TRUE,FALSE,FALSE,ST226C
TRBV5-5*03,GACGCTGGAGTCACCCAAAGTCCCACACACCTGATCAAAACGAGAGGACAGCAAGTGACTCTGAGATGCTCTCCTATCTCTGGGCACAAGAGTGTGTCCTGGTACCAACAGGTCCTGGGTCAGGGGCCCCAGTTTATCTTTCAGTATTATGAGAAAGAAGAGAGAGGAAGAGGAAACTTCCCTGATCGATTCTCAGCTCGCCAGTTCCCTAACTATAGCTCTGAGCTGAATGTGAACGCCTTGTTGCTGGGGGACTCGGCCCTCTATCTCTGTGCCAGCAGCTTGG,AS3,1|1|0|0|0|0|0|1|0|0|0|0|4|0|0|0|0|1|0|0|0|0|0|0|0|1,8,1,0,0,0,TRBV5-5*03_new,TRUE,,TRUE,FALSE,FALSE,SG263C
TRBV5-5*04,GACGCTGGAGTCACCCAAAGTCCCACACACCTGATCAAAACGAGAGGACAGCAAGTGACTCTGAGATGCTCTCCTATCTCTGGGCACAAGAGTGTGTCCTGGTACCAACAGGTCCTGGGTCAGGGGCCCCAGTTTATCTTTCAGTATTATGAGAAAGAAGAGAGAGGAAGAGGAAACTTCCCTGATCGATTCTCAGCTCGCCAGTTGCCTAACTATAGCTCTGAGCTGAATGTGAACGCCTTGTTGCTGGGGGACTCGGCCCTGTATCTCTGTGCCAGCAGCTTGG,AS3,0|0|0|0|0|0|0|3|0|0|0|0|0|0|0|0|0|0|0|0|0|0|1|0|2|0,0,4,0,2,0,TRBV5-5*04_new,TRUE,,TRUE,FALSE,FALSE,SC206G
TRBV5-6*01,GACGCTGGAGTCACCCAAAGTCCCACACACCTGATCAAAACGAGAGGACAGCAAGTGACTCTGAGATGCTCTCCTAAGTCTGGGCATGACACTGTGTCCTGGTACCAACAGGCCCTGGGTCAGGGGCCCCAGTTTATCTTTCAGTATTATGAGGAGGAAGAGAGACAGAGAGGCAACTTCCCTGATCGATTCTCAGGTCACCAGTTCCCTAACTATAGCTCTGAGCTGAATGTGAACGCCTTGTTGCTGGGGGACTCGGCCCTCTATCTCTGTGCCAGCAGCTTGG,AS1,139|98|171|200|188|211|210|182|147|195|184|208|157|207|200|210|197|144|126|121|167|187|194|202|216|164,975,664,1028,990,968,TRBV5-6*01,FALSE,F,FALSE,TRUE,TRUE,Default
TRBV5-6*02,GACGCTGGAGTCACCCAAAGTCCCACACACCTGATCAAAACGAGAGGACAGCAAGTGACTCTGAGATGCTCTCCTAAGTCTGGGCATGACACTGTGTCCTGGTACCAACAGGCCCTGGGTCAGGGGCCCCAGTTTATCTTTCAGTATTATGAGGAGGAAGAGAGACAGAGAGGCAACTTCCCTGATCGATTCTCAGGTCACCAGTACCCTAACTATAGCTCTGAGCTGAATGTGAATGCCTTGTTGCTGGGGGACTCGGCCCTCTATCTCTGTGCCAGCAGCTTGG,AS2,24|17|0|0|0|0|0|1|27|0|0|0|32|0|0|0|0|41|27|3|0|0|4|0|0|25,193,8,0,0,0,TRBV5-6*02_new,TRUE,,TRUE,FALSE,FALSE,ST205A;SC236T
TRBV5-6*03,GACGCTGGAGTCACCCAAAGTCCCACACACCTGATCAAAACGAGAGGACAGCAAGTGACTCTGAGATGCTCTCCTAAGTCTGGGCATGACACTGTGTCCTGGTACCAACAGGCCCTGGGTCAGGGGCCCCAGTTTATCTTTCAGTATTATGAGGAGGAAGAGAGACAGAGAGGCAACTTCCCTGATCGATTCTCAGGTCACCAGTACCCTAACTATAGCTCTGAGCTGAATGTGAACGCCTTGTTGCTGGGGGACTCGGCCCTCTATCTCTGTGCCAGCAGCTTGG,AS2,26|7|0|0|0|0|0|2|25|0|0|0|36|1|0|0|0|19|25|1|1|0|5|0|0|23,161,9,0,1,0,TRBV5-6*03_new,TRUE,,TRUE,FALSE,FALSE,ST205A
TRBV5-6*04,GACGCTGGAGTCACCCAAAGTCCCACACACCTGATCAAAACGAGAGGACAGCAAGTGACTCTGAGATGCTCTCCTAAGTCTGGGCATGACACTGTGTCCTGGTACCAACAGGCCCTGGGTCAGGGGCCCCAGTTTATCTTTCAGTATTATGAGGAGGAAGAGAGACAGAGAGGCAACTTCCCTGATCGATTCTCAGGTCACCAGTTCCCTAACTATAGCTCTGAGCTGAATGTGAACGCCTTGTGGCTGGGGGACTCGGCCCTCTATCTCTGTGCCAGCAGCTTGG,AS2,1|0|1|0|7|0|0|3|0|14|13|2|0|5|0|0|0|0|0|3|0|1|3|1|4|0,1,9,0,43,5,TRBV5-6*02,FALSE,F,FALSE,FALSE,FALSE,ST244G
TRBV5-6*05,GACGCTGGAGTCACCCAAAGTCCCACACACCTGATCAAAACGAGAGGACAGCAAGTGACTCTGAGATGCTCTCCTAAGTCTGGGCATGACACTGTGTCCTGGTACCAACAGGCCCTGGGTCAGGGGCCCCAGTTTATCTTTCAGTATTATGAGGAGGAAGAGAGACAGAGAGGCAACTTCCCTGATGGATTCTCAGGTCACCAGTTCCCTAACTATAGCTCTGAGCTGAATGTGAACGCCTTGTTGCTGGGGGACTCGGCCCTCTATCTCTGTGCCAGCAGCTTGG,AS3,0|0|0|0|2|0|0|2|0|1|1|1|0|0|3|0|0|0|0|0|0|3|2|0|0|0,0,4,0,4,7,TRBV5-6*05_new,TRUE,,TRUE,FALSE,FALSE,SC186G
TRBV5-6*06,GACGCTGGAGTCACCCAAAGTCCCACACACCTGATCAAAACGAGAGGACAGCAAGTGACTCTGAGATGCTCTCCTAAGTCTGGGCATGACACTGTGTCCTGGTACCAACAGGCCCTGGGTCAGGGGCCCCAGTTTATCTTTCAGTATTATGAGGAGGAAGAGAGACAGAGAGGAAACTTCCCTGATCGATTCTCAGGTCACCAGTTCCCTAACTATAGCTCTGAGCTGAATGTGAACGCCTTGTTGCTGGGGGACTCGGCCCTCTATCTCTGTGCCAGCAGCTTGG,AS3,4|0|0|0|0|0|0|0|1|0|0|0|0|0|0|0|0|2|2|0|0|0|0|0|0|1,10,0,0,0,0,TRBV5-6*06_new,TRUE,,TRUE,FALSE,FALSE,SC173A
TRBV5-6*07,GACGCTGGAGTCACCCAAAGTCCCACACACCTGATCAAAACAAGAGGACAGCAAGTGACTCTGAGATGCTCTCCTAAGTCTGGGCATGACACTGTGTCCTGGTACCAACAGGCCCTGGGTCAGGGGCCCCAGTTTATCTTTCAGTATTATGAGGAGGAAGAGAGACAGAGAGGCAACTTCCCTGATCGATTCTCAGGTCACCAGTTCCCTAACTATAGCTCTGAGCTGAATGTGAACGCCTTGTTGCTGGGGGACTCGGCCCTCTATCTCTGTGCCAGCAGCTTGG,AS3,0|0|0|0|1|0|0|0|0|0|2|0|0|1|0|0|0|0|0|0|1|0|0|1|2|0,0,1,0,6,1,TRBV5-6*07_new,TRUE,,TRUE,FALSE,FALSE,SG41A
TRBV6-1*01,AATGCTGGTGTCACTCAGACCCCAAAATTCCAGGTCCTGAAGACAGGACAGAGCATGACACTGCAGTGTGCCCAGGATATGAACCATAACTCCATGTACTGGTATCGACAAGACCCAGGCATGGGACTGAGGCTGATTTATTACTCAGCTTCTGAGGGTACCACTGACAAAGGAGAAGTCCCCAATGGCTACAATGTCTCCAGATTAAACAAACGGGAGTTCTCGCTCAGGCTGGAGTCGGCTGCTCCCTCCCAGACATCTGTGTACTTCTGTGCCAGCAGTGAAGC,AS1,193|120|172|200|198|212|210|188|199|210|200|211|221|214|204|210|198|205|179|127|169|192|205|204|220|213,1330,689,1030,1042,983,TRBV6-1*01,FALSE,F,FALSE,TRUE,TRUE,Default
TRBV6-1*02,AATGCTGGTGTCACTCAGACCCCAAAATTCCAGGTCCTGAAGACAGGACAGAGCATGACACTGCAGTGTGCCCAGGATATGAACCATAACTCCATGTACTGGTATCGACAAGACCCAGGCATGGGACTGAGGCTGATTTATTACTCAGCTTCTGAGGGTACCACTGACAAAGGAGAGGTCCCTGATGGCTACAATGTCTCCAGATTAAACAAACGGGAGTTCTCGCTCAGGCTGGAGTCGGCTGCTCCCTCCCAGACATCTGTGTACTTCTGTGCCAGCAGTGAAGC,AS3,0|1|0|0|0|0|0|1|0|0|0|0|5|0|0|0|0|0|0|0|1|0|0|0|2|0,6,2,0,2,0,TRBV6-1*02_new,TRUE,,TRUE,FALSE,FALSE,SA176G;SC182T;SA183G
TRBV6-1*03,AATGCTGGTGTCACTCAGACCCCAAAATTCCAGGTCCTGAAGACAGGACAGAGCATGACACTGCAGTGTGCCCAGGATATGAACCATAACTCCATGTACTGGTATCGACAAGACCCAGGCATGGGACTGAGGCTGATTTATTACTCAGCTTCTGAGGGTACCACTGACAAAGGAGAAGTCCCCAATGGCTACAATGTCTCCAGATTAAACAAACGGGAGTTCTTGCTCAGGCTGGAGTCGGCTGCTCCCTCCCAGACATCTGTGTACTTCTGTGCCAGCAGTGAAGC,AS3,1|0|0|0|0|0|0|1|1|0|0|0|0|0|0|0|0|1|1|0|0|0|0|0|0|1,5,1,0,0,0,TRBV6-1*03_new,TRUE,,TRUE,FALSE,FALSE,SC223T
TRBV6-2*01,AATGCTGGTGTCACTCAGACCCCAAAATTCCGGGTCCTGAAGACAGGACAGAGCATGACACTGCTGTGTGCCCAGGATATGAACCATGAATACATGTACTGGTATCGACAAGACCCAGGCATGGGGCTGAGGCTGATTCATTACTCAGTTGGTGAGGGTACAACTGCCAAAGGAGAGGTCCCTGATGGCTACAATGTCTCCAGATTAAAAAAACAGAATTTCCTGCTGGGGTTGGAGTCGGCTGCTCCCTCCCAAACATCTGTGTACTTCTGTGCCAGCAGTTACTC,AS1,194|122|172|200|198|212|210|190|200|210|200|212|226|214|204|210|198|206|180|128|170|192|208|204|222|214,1342,696,1030,1044,984,TRBV6-2*01,FALSE,F,FALSE,TRUE,TRUE,Default
TRBV6-4*01,ATTGCTGGGATCACCCAGGCACCAACATCTCAGATCCTGGCAGCAGGACGGCGCATGACACTGAGATGTACCCAGGATATGAGACATAATGCCATGTACTGGTATAGACAAGATCTAGGACTGGGGCTAAGGCTCATCCATTATTCAAATACTGCAGGTACCACTGGCAAAGGAGAAGTCCCTGATGGTTATAGTGTCTCCAGAGCAAACACAGATGATTTCCCCCTCACGTTGGCGTCTGCTGTACCCTCTCAGACATCTGTGTACTTCTGTGCCAGCAGTGACTC,AS1,163|106|155|199|158|205|205|170|173|155|169|165|197|174|173|203|193|159|152|118|156|149|177|163|190|187,1137,621,1005,846,805,TRBV6-4*01,FALSE,F,FALSE,TRUE,TRUE,Default
TRBV6-4*02,ACTGCTGGGATCACCCAGGCACCAACATCTCAGATCCTGGCAGCAGGACGGAGCATGACACTGAGATGTACCCAGGATATGAGACATAATGCCATGTACTGGTATAGACAAGATCTAGGACTGGGGCTAAGGCTCATCCATTATTCAAATACTGCAGGTACCACTGGCAAAGGAGAAGTCCCTGATGGTTATAGTGTCTCCAGAGCAAACACAGATGATTTCCCCCTCACGTTGGCGTCTGCTGTACCCTCTCAGACATCTGTGTACTTCTGTGCCAGCAGTGACTC,AS1,28|13|14|1|40|7|4|19|26|55|31|44|23|40|29|7|5|43|24|9|13|40|30|40|30|20,177,71,24,196,167,TRBV6-4*02,FALSE,F,FALSE,FALSE,FALSE,ST1C;SC51A
TRBV6-4*03,ATTGCTGGGATCACCCAGGCACCAACATCTCAGATACTGGCAGCAGGACGGCGCATGACACTGAGATGTACCCAGGATATGAGACATAATGCCATGTACTGGTATAGACAAGATCTAGGACTGGGGCTAAGGCTCATCCATTATTCAAATACTGCAGGTACCACTGGCAAAGGAGAAGTCCCTGATGGTTATAGTGTCTCCAGAGCAAACACAGATGATTTCCCCCTCACGTTGGCGTCTGCTGTACCCTCTCAGACATCTGTGTACTTCTGTGCCAGCAGTGACTC,AS2,1|2|0|0|0|0|0|0|1|0|0|0|4|0|0|0|0|4|4|1|0|0|1|0|0|4,20,2,0,0,0,TRBV6-4*03_new,TRUE,,TRUE,FALSE,FALSE,SC35A
TRBV6-4*04,ATTGCTGGGATCACCCAGGCACCAACATCTCAGATCCTGGCAGCAGGACGGCGCATGACACTGAGATGTACCCAGGATATGAGACATAATGCCATGTACTGGTATAGACAAGATCTAGGACTGGGGCTAAGGCTCATCCATTATTCAAATACTGCAGGTACCACTGGCAAAGGAGAAGTCCCTGATGGTTATAGTGTTTCCAGAGCAAACACAGATGATTTCCCCCTCACGTTGGCGTCTGCTGTACCCTCTCAGACATCTGTGTACTTCTGTGCCAGCAGTGACTC,AS3,0|0|2|0|0|0|0|0|0|0|0|3|0|0|2|0|0|0|0|0|0|3|0|0|0|0,0,0,0,0,10,TRBV6-4*04_new,TRUE,,TRUE,FALSE,FALSE,SC197T
TRBV6-5*01,AATGCTGGTGTCACTCAGACCCCAAAATTCCAGGTCCTGAAGACAGGACAGAGCATGACACTGCAGTGTGCCCAGGATATGAACCATGAATACATGTCCTGGTATCGACAAGACCCAGGCATGGGGCTGAGGCTGATTCATTACTTCATTACTCAGTTGGTGCTGGTATCACTGACCAAGGAGAAGTCCCCAATGGCTACAATGTCTCCAGATCAACCACAGAGGATTTCCCGCTCAGGCTGCTGTCGGCTGCTCCCTCCCAGACATCTGTGTACTTCTGTGCCAGCAGTTACTC,AS2,193|120|172|199|196|208|209|186|200|202|198|211|225|212|204|202|197|206|177|127|168|192|206|203|219|214,1335,687,1015,1027,982,TRBV6-5*01_new,TRUE,,TRUE,FALSE,FALSE,I136T;I136T;I136C;I136A;I136T;I136T;I136A;I136C
TRBV6-5*02,AATGCTGGTGTCACTCAGACCCCAAAATTCCAGGTCCTGAAGACAGGACAGAGCATGACACTGCAGTGTGCCCAGGATATGAACCATGAATACATGTCCTGGTATCGACAAGACCCAGGCATGGGGCTGAGGCTGATTCATTACTTCATTACTCAGTTGGTGCTGGTATCACTGACCAAGGAGAAGTCCCCAATGGCTACAATGTCTCCAGATCAACCACAGAGGATTTCCCGCTCAGGCTGCTGTCAGCTGCTCCCTCCCAGACATCTGTGTACTTCTGTGCCAGCAGTTACTC,AS3,0|0|0|0|1|0|0|2|0|7|2|0|0|2|0|0|0|0|0|0|2|0|1|0|2|0,0,5,0,14,0,TRBV6-5*02_new,TRUE,,TRUE,FALSE,FALSE,I145T;I145C;I145A;I145T;I145T;I145A;I145C;I145T;SG239A
TRBV6-5*03,AATGCTGGTGTCACTCAGACCCCAAAATTCCAGGTCCTGAAGACAGGACAGAGCATGACACTGCAGTGTGCCCAGGATATGAACCATGAATACATGTCCTGGTATCGACAAGACCCAGGCATGGGGCTGAGGCTGATTCATTACTTCATTACTCAGTTGGTGCTGGTATCACTGACCAAGGAGAAGTCCCCAATGGCTACAATGTCTCCAGATCAACCACAGAGGATTTCCCGCTCAGGCTGCTGTTGGCTGCTCCCTCCCAGACATCTGTGTACTTCTGTGCCAGCAGTTACTC,AS3,0|0|0|0|0|3|1|0|0|1|0|0|0|0|0|5|0|0|0|0|0|0|0|0|0|0,0,0,9,1,0,TRBV6-5*03_new,TRUE,,TRUE,FALSE,FALSE,I145T;I145C;I145A;I145T;I145T;I145A;I145C;I145T;SC238T
TRBV6-5*04,AATGCTGGTGTCACTCAGACCCCAAAATTCCAGGTCCTGAAGACAGGACAGAGCATGACACTGCAGTGTGCCCAGGATATGAACCATGAATACATGTCCTGGTATCGACAAGACCCAGGCATGGGGCTGAGGCTGATTCATTACTCAGTTGGTGCTGGTATCACTGACCAAGGAGAAGTCCCCAATGGCTACAATGTCTCCAGATCAACCACAGAGGATTTCCCGCTCAGGCTGCTGTCGGCTGCTCCCTCCCAGACATCTGTGTACTTCTGTGCCAGCAGTTACTC,AS1,0|0|0|0|0|1|0|2|0|0|0|0|0|0|0|3|0|0|0|1|0|0|1|0|0|0,0,4,4,0,0,TRBV6-5*01,FALSE,F,FALSE,TRUE,TRUE,Default
TRBV6-5*05,AATGCTGGTGTCACTCAGACCCCAAAATTCCAGGTCCTGAAGACAGGACAGAGCATGACACTGCAGTGTGCCCAGGATATGAACCATGAATACATGTCCTGGTATCGACAAGACCCAGGCATGGGGCTGAGGCTGATTCATTACTTCATTACTCAGTTGGTGCTGGTATCACTGACCAAGGAGAAGTCCCCAGTGGCTACAATGTCTCCAGATCAACCACAGAGGATTTCCCGCTCAGGCTGCTGTCGGCTGCTCCCTCCCAGACATCTGTGTACTTCTGTGCCAGCAGTTACTC,AS3,0|1|0|0|0|0|0|0|0|0|0|0|1|0|0|0|1|0|2|0|0|0|0|0|0|0,4,0,1,0,0,TRBV6-5*05_new,TRUE,,TRUE,FALSE,FALSE,I145T;I145C;I145A;I145T;I145T;I145A;I145C;I145T;SA184G
TRBV6-6*01,AATGCTGGTGTCACTCAGACCCCAAAATTCCGCATCCTGAAGATAGGACAGAGCATGACACTGCAGTGTGCCCAGGATATGAACCATAACTACATGTACTGGTATCGACAAGACCCAGGCATGGGGCTGAAGCTGATTTATTATTCAGTTGGTGCTGGTATCACTGATAAAGGAGAAGTCCCGAATGGCTACAACGTCTCCAGATCAACCACAGAGGATTTCCCGCTCAGGCTGGAGTTGGCTGCTCCCTCCCAGACATCTGTGTACTTCTGTGCCAGCAGTTACTC,AS1,94|79|105|149|143|170|162|114|115|135|145|135|147|143|113|182|147|96|96|57|67|124|139|114|157|123,750,377,810,723,591,TRBV6-6*01_new,TRUE,,TRUE,FALSE,FALSE,Default
TRBV6-6*02,AATGCTGGTGTCACTCAGACCCCAAAATTCCGCATCCTGAAGATAGGACAGAGCATGACACTGCAGTGTGCCCAGGATATGAACCATAACTACATGTACTGGTATCGACAAGACCCAGGCATGGGGCTGAAGCTGATTTATTATTCAGTTGGTGCTGGTATCACTGACAAAGGAGAAGTCCCGAATGGCTACAACGTCTCCAGATCAACCACAGAGGATTTCCCGCTCAGGCTGGAGTTGGCTGCTCCCTCCCAGACATCTGTGTACTTCTGTGCCAGCAGTTACTC,AS1,53|26|62|49|54|37|48|68|33|75|53|75|27|62|83|27|51|60|36|65|100|61|59|83|63|50,285,292,212,307,364,TRBV6-6*02,FALSE,F,FALSE,FALSE,FALSE,ST167C
TRBV6-6*03,AATGCTGGTGTCACTCAGACCCCAAAATTCCACATCCTGAAGATAGGACAGAGCATGACACTGCAGTGTGCCCAGGATATGAACCATAACTACATGTACTGGTATCGACAAGACCCAGGCATGGGGCTGAAGCTGATTTATTATTCAGTTGGTGCTGGTATCACTGATAAAGGAGAAGTCCCGAATGGCTACAACGTCTCCAGATCAACCACAGAGGATTTCCCGCTCAGGCTGGAGTTGGCTGCTCCCTCCCAGACATCTGTGTACTTCTGTGCCAGCAGTTACTC,AS2,33|10|0|0|0|0|0|5|35|0|0|0|36|3|0|0|0|30|25|3|1|0|7|0|0|28,197,16,0,3,0,TRBV6-6*03_new,TRUE,,TRUE,FALSE,FALSE,SG31A
TRBV6-6*04,AATGCTGGTGTCACTCAGACCCCAAAATTCCGCATCCTGAAGATAGGACAGAGCATGACACTGCAGTGTGCCCAGGATATGAACCATAACTACATGTACTGGTATCGACAAGACCCAGGCATGGGGCTGAAGCTGATTTATTATTCAGTTGGTGCTGGTATCACTGATAAAGGAGAAGTCCCGAATGGCTACAACGTCTCCAGATCAACCACAGAGTATTTCCCGCTCAGGCTGGAGTTGGCTGCTCCCTCCCAGACATCTGTGTACTTCTGTGCCAGCAGTTACTC,AS2,11|4|3|0|0|0|0|1|15|0|0|2|6|1|4|0|0|15|11|0|1|5|2|6|0|6,68,4,0,1,20,TRBV6-6*04_new,TRUE,,TRUE,FALSE,FALSE,SG216T
TRBV6-6*05,AATGCTGGTGTCACTCAGACCCCAAAATTCCGCATCCTGAAGATAGGACAGAGCATGACACTGCAGTGTGCCCAGGATATGAACCATAACTACATGTACTGGTATCGACAAGACCCAGGCATGGGGCTGAAGCTGATTTATTATTCAGTTGGTGCTGGTATCACTGATAAAGGAGAAGTCCCAAATGGCTACAACGTCTCCAGATCAACCACAGAGGATTTCCCGCTCAGGCTGGAGTTGGCTGCTCCCTCCCAGACATCTGTGTACTTCTGTGCCAGCAGTTACTC,AS3,1|1|0|0|0|0|0|1|1|0|0|0|1|0|0|0|0|3|6|0|0|0|0|0|0|4,17,1,0,0,0,TRBV6-6*05_new,TRUE,,TRUE,FALSE,FALSE,SG182A
TRBV6-6*06,AATGCTGGTGTCACTCAGACCCCAAAATTCCGCATCCTGAAGATAGGACAGAGCATGACACTGCAGTGTGCCCAGGATATGAACCATAACTACATGTACTGGTATCGACAAGACTCAGGCATGGGGCTGAAGCTGATTTATTATTCAGTTGGTGCTGGTATCACTGATAAAGGAGAAGTCCCGAATGGCTACAACGTCTCCAGATCAACCACAGAGGATTTCCCGCTCAGGCTGGAGTTGGCTGCTCCCTCCCAGACATCTGTGTACTTCTGTGCCAGCAGTTACTC,AS3,1|1|0|0|0|0|0|1|0|0|0|0|4|0|0|0|0|1|0|0|0|0|0|0|0|1,8,1,0,0,0,TRBV6-6*06_new,TRUE,,TRUE,FALSE,FALSE,SC114T
TRBV6-6*07,AATGCTGGTGTCACTCAGACCCCAAAATTCCGCATCCCGAAGATAGGACAGAGCATGACACTGCAGTGTGCCCAGGATATGAACCATAACTACATGTACTGGTATCGACAAGACCCAGGCATGGGGCTGAAGCTGATTTATTATTCAGTTGGTGCTGGTATCACTGATAAAGGAGAAGTCCCGAATGGCTACAACGTCTCCAGATCAACCACAGAGGATTTCCCGCTCAGGCTGGAGTTGGCTGCTCCCTCCCAGACATCTGTGTACTTCTGTGCCAGCAGTTACTC,AS3,0|0|0|0|0|0|0|0|1|0|0|0|2|0|0|0|0|0|3|0|0|0|0|0|0|2,8,0,0,0,0,TRBV6-6*07_new,TRUE,,TRUE,FALSE,FALSE,ST37C
TRBV6-6*08,AATGCTGGTGTCACTCAGACCCCAAAATTCCGCATCCTGAAGATAGGACAGAGCATGACACTGCAGTGTGCCCAGGATATGAACCATAACTACATGTACTGGTATCGACAAGACCCAGGCATGGGGCTGAAGCTGATTTATTATTCAGTTGGTGCTGGTATCACTGATAAAGGAGAAGTCCCGAATGGCTACAACGTCTCCAGATCAACCACAGAGGATTTTCCGCTCAGGCTGGAGTTGGCTGCTCCCTCCCAGACATCTGTGTACTTCTGTGCCAGCAGTTACTC,AS3,0|0|1|0|0|0|0|0|0|0|0|0|1|1|0|0|0|0|0|2|1|0|1|0|1|0,1,4,0,2,1,TRBV6-6*08_new,TRUE,,TRUE,FALSE,FALSE,SC221T
TRBV6-6*09,AATGCTGGTGTCACTCAGACCCCAAAATTCCGCATCCTGAAGATAGGACAGAGCATGACACTGCAGTGTGCCCAGGATATGAACCATAACTACATGTACTGGTATCGACAAGACCCAGGCATGGGGCTGAAGCTGATTTATTATTCAGTTGGTGCTGGTATCACTGATAAAGGAGAAGTCCCGAATGGCTACAACGTCTCCAGAACAACCACAGAGGATTTCCCGCTCAGGCTGGAGTTGGCTGCTCCCTCCCAGACATCTGTGTACTTCTGTGCCAGCAGTTACTC,AS3,0|0|0|0|0|3|0|0|0|0|0|0|0|0|0|1|0|0|0|0|0|0|0|0|0|0,0,0,4,0,0,TRBV6-6*09_new,TRUE,,TRUE,FALSE,FALSE,ST204A
TRBV6-8*01,AATGCTGGTGTCACTCAGACCCCAAAATTCCACATCCTGAAGACAGGACAGAGCATGACACTGCAGTGTGCCCAGGATATGAACCATGGATACATGTCCTGGTATCGACAAGACCCAGGCATGGGGCTGAGACTGATTTACTACTCAGCTGCTGCTGGTACTACTGACAAAGAAGTCCCCAATGGCTACAATGTCTCTAGATTAAACACAGAGGATTTCCCACTCAGGCTGGTGTCGGCTGCTCCCTCCCAGACATCTGTGTACTTGTGTGCCAGCAGTTACTC,AS1,141|97|172|200|198|212|210|187|139|210|200|212|157|212|204|210|197|135|127|124|169|192|197|204|222|163,959,677,1029,1042,984,TRBV6-8*01,FALSE,F,FALSE,TRUE,TRUE,Default
TRBV6-8*02,AATGCTGGTGTCACTCAGACCCCAAAATTCCACATCCTGAAGACAGGACAGAGCATGACACTGCAGTGTGCCCAGGATATGAACCATGGATACATGTCCTGGTATTGACAAGACCCAGGCATGGGGCTGAGACTGATTTACTACTCAGCTGCTGCTGGTACTACTGACAAAGAAGTCCCCAATGGCTACAATGTCTCTAGATTAAACACAGAGGATTTCCCACTCAGGCTGGTGTCGGCTGCTCCCTCCCAGACATCTGTGTACTTGTGTGCCAGCAGTTACTC,AS2,53|25|0|0|0|0|0|3|61|0|0|0|69|2|0|0|0|65|53|4|1|0|11|0|0|51,377,19,0,2,0,TRBV6-8*02_new,TRUE,,TRUE,FALSE,FALSE,SC105T
TRBV6-8*03,AATGCTGGTGTCACTCAGACCCCAAAATTCCACATCCTGAAGACAGGACAGAGCATGACACTGCAGTGTGCCCAGGATATGAACCATGGATACATGTCCTGGTATCGACAAGACCCAGGCATGGGGCTGAGACTGATTTACTACTCAGCTGCTGCTGGTACTACTGACAAAGAAGTCCCCAATGGCTACAATGTCTCTAGATTAAACACAGAGGATTTCCCACTCAGGCTGGTGTCAGCTGCTCCCTCCCAGACATCTGTGTACTTGTGTGCCAGCAGTTACTC,AS3,0|0|0|0|0|0|0|0|0|0|0|0|0|0|0|0|0|6|0|0|0|0|0|0|0|0,6,0,0,0,0,TRBV6-8*03_new,TRUE,,TRUE,FALSE,FALSE,SG236A
TRBV7-2*01,GGAGCTGGAGTCTCCCAGTCCCCCAGTAACAAGGTCACAGAGAAGGGAAAGGATGTAGAGCTCAGGTGTGATCCAATTTCAGGTCATACTGCCCTTTACTGGTACCGACAGAGGCTGGGGCAGGGCCTGGAGTTTTTAATTTACTTCCAAGGCAACAGTGCACCAGACAAATCAGGGCTGCCCAGTGATCGCTTCTCTGCAGAGAGGACTGGGGAATCCGTCTCCACTCTGACGATCCAGCGCACACAGCAGGAGGACTCGGCCGTGTATCTCTGTGCCAGCAGCTTAGC,AS1,93|52|129|102|62|124|107|75|98|64|62|137|110|73|138|142|112|78|70|77|109|120|84|126|81|111,612,345,587,342,650,TRBV7-2*02,FALSE,F,FALSE,FALSE,FALSE,SC113G;SG214A
TRBV7-2*02,GGAGCTGGAGTCTCCCAGTCCCCCAGTAACAAGGTCACAGAGAAGGGAAAGGATGTAGAGCTCAGGTGTGATCCAATTTCAGGTCATACTGCCCTTTACTGGTACCGACAGAGCCTGGGGCAGGGCCTGGAGTTTTTAATTTACTTCCAAGGCAACAGTGCACCAGACAAATCAGGGCTGCCCAGTGATCGCTTCTCTGCAGAGAGGACTGGGGGATCCGTCTCCACTCTGACGATCCAGCGCACACAGCAGGAGGACTCGGCCGTGTATCTCTGTGCCAGCAGCTTAGC,AS1,97|69|41|98|135|88|103|114|98|146|138|75|116|141|62|67|84|120|108|51|61|72|120|75|139|100,708,346,440,699,325,TRBV7-2*01,FALSE,F,FALSE,TRUE,TRUE,Default
TRBV7-2*03,GGAGCTGGAGTCTCCCAGTCCCCCAGTAACAAGGTCACAGAGAAGGGAAAGGATGTAGAGCTCAGGTGTGATCCAATTTCAGGTCATACTGCCCTTTACTGGTACCAACAGAGGCTGGGGCAGGGCCTGGAGTTTTTAATTTACTTCCAAGGCAACAGTGCACCAGACAAATCAGGGCTGCCCAGTGATCGCTTCTCTGCAGAGAGGACTGGGGAATCCGTCTCCACTCTGACGATCCAGCGCACACAGCAGGAGGACTCGGCCGTGTATCTCTGTGCCAGCAGCTTAGC,AS3,3|1|0|0|0|0|0|0|2|0|0|0|0|0|0|0|0|4|1|0|0|0|0|0|0|3,14,0,0,0,0,TRBV7-2*03_new,TRUE,,TRUE,FALSE,FALSE,SG106A;SC113G;SG214A
TRBV7-3*01,GGTGCTGGAGTCTCCCAGACCCCCAGTAACAAGGTCACAGAGAAGGGAAAATATGTAGAGCTCAGGTGTGATCCAATTTCAGGTCATACTGCCCTTTACTGGTACCGACAAAGCCTGGGGCAGGGCCCAGAGTTTCTAATTTACTTCCAAGGCACGGGTGCGGCAGATGACTCAGGGCTGCCCAACGATCGGTTCTTTGCAGTCAGGCCTGAGGGATCCGTCTCTACTCTGAAGATCCAGCGCACAGAGCGGGGGGACTCAGCCGTGTATCTCTGTGCCAGCAGCTTAAC,AS1,127|84|120|181|135|184|176|145|113|126|146|129|135|152|130|175|167|113|108|112|152|128|156|130|172|138,818,565,883,731,637,TRBV7-3*01,FALSE,F,FALSE,TRUE,TRUE,Default
TRBV7-3*04,GGTGCTGGAGTCTCCCAGACCCCCAGTAACAAGGTCACAGAGAAGGGAAAATATGTAGAGCTCAGGTGTGATCCAATTTCAGGTCATACTGCCCTTTACTGGTACCGACAAAGCCTGGGGCAGGGCCCAGAGTTTCTAATTTACTTCCAAGGCACGGGTGCGGCAGATGACTCAGGGCTGCCCAACGATCGGTTCTTTGCAGTCAGGCCTGAGGGATCCGTCTCTACTCTGAAGATCCAGCGCACAGAGCGGGGGTACTCAGCCGTGTATCTCTGTGCCAGCAGCTTAAC,AS2,0|1|35|7|0|6|13|0|0|11|0|34|0|0|41|7|16|0|0|0|0|17|0|33|0|0,1,0,49,11,160,TRBV7-3*04_new,TRUE,,TRUE,FALSE,FALSE,SG255T
TRBV7-3*05,GGTGCTGGAGTCTCCCAGACCCCCAGTAACAAGGTCACAGAGAAGGGAAAATATGTAGAGCTCAGGTGTGATCCAATTTCAGGTCATACTGCCCTTTACTGGTACCGACAAAGCCTGGGGCAGGGCCCAGAGTTTCTAATTTACTTCCAAGGCACGGGTGCGGCAGATGACTCAGGGCTGCCCAACGATCGGTTCTTTGCAGTCAGGCCTGAGGGATCCGTCTCTACTCTGAAGATCCAGCGCACAGAGCGGGGGGACTCAGCCATGTATCTCTGTGCCAGCAGCTTAAC,AS2,9|7|1|11|0|14|17|1|15|0|0|2|12|0|0|20|10|11|11|0|1|1|1|0|0|13,78,3,72,0,4,TRBV7-3*05_new,TRUE,,TRUE,FALSE,FALSE,SG264A
TRBV7-3*06,GGTGCTGGAGTCTCCCAGACCCCCAGTAACAAGGTCACAGAGAAGGGAAAAGATGTAGAGCTCAGGTGTGATCCAATTTCAGGTCATATTGCCCTTTACTGGTACCGACAAAGCCTGGGGCAGGGCCCAGAGTTTCTAATTTACTTCCAAGGCACGGGTGCGGCAGATGACTCAGGGCTGCCCAAAGATCGGTTCTTTGCAGTCAGGCCTGAGGGATCCGTCTCTACTCTGAAGATCCAGCGCACAGAGCAGGGGGACTCAGCCGCGTATCTCCGTGCCAGCAGCTTAAC,AS3,2|1|0|0|0|0|0|1|0|0|0|0|2|0|0|0|0|0|6|0|0|0|1|0|0|0,11,2,0,0,0,TRBV7-3*06_new,TRUE,,TRUE,FALSE,FALSE,ST51G;SC88T;SC185A;SG250A;ST265C;ST273C
TRBV7-3*07,GGTGCTGGAGTCTCCCAGACCCCCAGTAACAAGGTCACAGAGAAGGGAAAAGATGTAGAGCTCAGGTGTGATCCAATTTCAGGTCATACTGCCCTTTACTGGTACCGACAAAGCCTGGGGCAGGGCCCAGAGTTTCTAATTTACTTCCAAGGCACGGGTGCGGCAGATGACTCAGGGCTGCCCAAAGATCGGTTCTTTGCAGTCAGGCCTGAGGGATCCGTCTCTACTCTGAAGATCCAGCGCACAGTGCAGGGGGACTCAGCCGTGTATCTCCGTGCCAGCAGCTTAAC,AS3,3|0|0|0|0|0|0|0|2|0|0|0|0|0|0|0|0|1|2|0|0|0|0|0|0|1,9,0,0,0,0,TRBV7-3*07_new,TRUE,,TRUE,FALSE,FALSE,ST51G;SC185A;SA247T;SG250A;ST273C
TRBV7-3*08,GGTGCTGGAGTCTCCCAGACCCCCAGTAACAAGGTCACAGAGAAGGGAAAATATGTAGAGCTCAGGTGTGATCCAATTTCAGTTCATACTGCCCTTTACTGGTACCGACAAAGCCTGGGGCAGGGCCCAGAGTTTCTAATTTACTTCCAAGGCACGGGTGCGGCAGATGACTCAGGGCTGCCCAACGATCGGTTCTTTGCAGTCAGGCCTGAGGGATCCGTCTCTACTCTGAAGATCCAGCGCACAGAGCGGGGGGACTCAGCCGTGTATCTCTGTGCCAGCAGCTTAAC,AS3,0|2|0|0|0|0|0|0|0|0|0|0|4|0|0|0|0|1|0|0|0|0|0|0|0|1,8,0,0,0,0,TRBV7-3*08_new,TRUE,,TRUE,FALSE,FALSE,SG82T
TRBV7-4*01,GGTGCTGGAGTCTCCCAGTCCCCAAGGTACAAAGTCGCAAAGAGGGGACGGGATGTAGCTCTCAGGTGTGATTCAATTTCGGGTCATGTAACCCTTTATTGGTACCGACAGACCCTGGGGCAGGGCTCAGAGGTTCTGACTTACTCCCAGAGTGATGCTCAACGAGACAAATCAGGGCGGCCCAGTGGTCGGTTCTCTGCAGAGAGGCCTGAGAGATCCGTCTCCACTCTGAAGATCCAGCGCACAGAGCAGGGGGACTCAGCTGTGTATCTCTGTGCCAGCAGCTTAGC,AS1,174|116|169|200|192|212|210|182|179|200|192|209|215|207|200|210|197|187|161|125|169|184|200|201|218|199,1231,676,1029,1009,963,TRBV7-4*01,FALSE,F,FALSE,TRUE,TRUE,Default
TRBV7-4*02,GGTGCTGGAGTCTCCCAGTCCCCAAGGTACAAAGTCGCAAAGAGGGGACGGGATGTAGCTCTCAGGTGTGATTCAATTTCGGGTCATGTAACCCTTTATTGGTACCGACAGACCCTGGGGCAGGGCTCAGAGGTTCTGACTTACTCCCAGAGTGATGCTCAACGAGACAAATCAGGGCGGCCCAGTGGTCGGTTCTCTGCAGAGAGGCCTGAGAGATCCGTCTCCACTCTGAAGATCCAGTGCACAGAGCAGGGGGACTCAGCTGTGTATCTCTGTGCCAGCAGCTTAGC,AS2,17|5|0|0|0|0|0|2|21|0|0|0|11|1|0|0|0|18|19|0|0|0|5|0|0|13,104,7,0,1,0,TRBV7-4*02_new,TRUE,,TRUE,FALSE,FALSE,SC240T
TRBV7-4*03,GGTGCTGGAGTCTCCCAGTCCCCAAGGTACAAAGTCGCAAAGAGGGGACGGGATGTAGCTCTCAGGTGTGATTCAATTTCGGGTCATGTAACCCTTTATTGGTACCGACAGACCCTGGGGCAGGGCTCAGAGGTTCTGACTTACTCCCAGAGTGATGCTCAACGAGACAAATCAGGGCGGCCCAGTGGTCGGTTCTCTGCAGAGAGGCCTGAGAAATCCGTCTCCACTCTGAAGATCCAGCGCACAGAGCAGGGGGACTCAGCTGTGTATCTCTGTGCCAGCAGCTTAGC,AS2,1|0|2|0|4|0|0|6|0|10|8|2|0|6|2|0|0|0|0|3|1|6|3|1|4|0,1,13,0,32,13,TRBV7-4*03_new,TRUE,,TRUE,FALSE,FALSE,SG214A
TRBV7-4*04,GGTGCTGGAGTCTCCCAGTCCCCAAGGTACAAAGTCGCAAAGAGGGGACGGGATGTAGCTCTCAGGTGTGATTCAATTTCGGGTCATGTAACCCTTTATTGGTACCGACAGACCCTGGGGCAGGGCTCAGAGGTTCTGACTTACTCCCAGAGTGATGCTCAACGAGACAAATCAGGGCGGCCCAGTGGTCGGTTCTCTGCAGAGAGGCCTGAGAAATCCGTCTCCACTCTGAAGATCCAGCGCACAGAGCAGAGGGACTCAGCTGTGTATCTCTGTGCCAGCAGCTTAGC,AS3,0|0|1|0|0|0|0|0|0|0|0|1|0|0|1|0|0|0|0|0|0|1|0|2|0|0,0,0,0,0,6,TRBV7-4*04_new,TRUE,,TRUE,FALSE,FALSE,SG214A;SG252A
TRBV7-6*01,GGTGCTGGAGTCTCCCAGTCTCCCAGGTACAAAGTCACAAAGAGGGGACAGGATGTAGCTCTCAGGTGTGATCCAATTTCGGGTCATGTATCCCTTTATTGGTACCGACAGGCCCTGGGGCAGGGCCCAGAGTTTCTGACTTACTTCAATTATGAAGCCCAACAAGACAAATCAGGGCTGCCCAATGATCGGTTCTCTGCAGAGAGGCCTGAGGGATCCATCTCCACTCTGACGATCCAGCGCACAGAGCAGCGGGACTCGGCCATGTATCGCTGTGCCAGCAGCTTAGC,AS1,181|114|169|200|196|211|210|188|189|210|200|211|215|214|204|210|198|182|165|127|170|190|207|202|222|203,1249,692,1029,1042,976,TRBV7-6*01,FALSE,F,FALSE,TRUE,TRUE,Default
TRBV7-6*02,GGTGCTGGAGTCTCCCAGTCTCCCAGGTACAAAGTCACAAAGAGGGGACAGGATGTAGCTCTCAGGTGTGATCCAATTTCGGGTCATGTATCCCTTTATTGGTACCGACAGGCCCTGGGGCAGGGCCCAGAGTTTCTGACTTACTTCAATTATGAAGCCCAACAAGACAAATCAGGGCTGCCCAATGATCGGTTCTCTGCAGAGAGGCCTGAGGGATCCGTCTCCACTCTGACGATCCAGCGCACAGAGCAGCGGGACTCGGCCATGTATCGCTGTGCCAGCAGCTTAGC,AS2,4|2|0|0|0|0|0|2|6|0|0|0|6|0|0|0|0|10|7|0|0|0|0|0|0|3,38,2,0,0,0,TRBV7-6*02_new,TRUE,,TRUE,FALSE,FALSE,SA219G
TRBV7-6*03,GGTGCTGGAGTCTCCCAGTCTCCCAGGTACAAAGTCACAAAGAGGGGACAGGATGTAGCTCTCAGGTGTGATCCAATTTCGGGTCATGTATCCCTTTATTGGTACCGACAGGCCCTGGGGCAGGGCCCAGAGTTTCTGACTTACTTCAATTATGAAGCCCAACAAGACAAATCAGGGCTGCCCAATGATCGGTTCTCTGCAGAGAGGGCTGAGGGATCCATCTCCACTCTGACGATCCAGCGCACAGAGCAGCGGGACTCGGCCATGTATCGCTGTGCCAGCAGCTTAGC,AS2,6|3|0|0|0|0|0|0|4|0|0|0|2|0|0|0|0|5|2|0|0|0|0|0|0|3,25,0,0,0,0,TRBV7-6*03_new,TRUE,,TRUE,FALSE,FALSE,SC207G
TRBV7-6*04,GGTGCTGGAGTCTCCCAGTCTCCCAGGTACAAAGTCACAAAGAGGGGACAGGATGTAGCTCTCAGGTGTGATCCAATTTCAGGTCATGTATCCCTTTATTGGTACCGACAGGCCCTGGGGCAGGGCCCAGAGTTTCTGACTTACTTCAATTATGAAGCCCAACAAGACAAATCAGGGCTGCCCAATGATCGGTTCTCTGCAGAGAGGCCTGAGGGATCCATCTCCACTCTGACGATCCAGCGCACAGAGCAGCGGGACTCGGCCATGTATCGCTGTGCCAGCAGCTTAGC,AS3,2|1|0|0|0|0|0|0|1|0|0|0|1|0|0|0|0|2|3|0|0|0|1|0|0|3,13,1,0,0,0,TRBV7-6*04_new,TRUE,,TRUE,FALSE,FALSE,SG80A
TRBV7-6*06,GGTGCTGGAGTCTCCCAGTCTCCCAGGTACAAAGTCACAAAGAGGGGACAGGATGTAGCTCTCAGGTGTGATCCAATTTCGGGTCATGTATCCCTTTATTGGTACCGACAGGCCCTGGGGCAGGGCCCAGAGTTTCTGACTTACTTCAATTATGAAGCCCAACAAGACAAATCAGGGCTGCCCAATGATCGGTTCTCTGCAGAGAGGCCTGAGGGATCCATCTCCACTCTGACGATCCAGCGCACAGAGCAGCGGGACTCGGCCATGTATCTCTGTGCCAGCAGCTTAGC,AS3,1|1|0|0|0|0|0|0|0|0|0|0|2|0|0|0|0|0|2|0|0|0|0|0|0|1,7,0,0,0,0,TRBV7-6*06_new,TRUE,,TRUE,FALSE,FALSE,SG271T
TRBV7-7*01,GGTGCTGGAGTCTCCCAGTCTCCCAGGTACAAAGTCACAAAGAGGGGACAGGATGTAACTCTCAGGTGTGATCCAATTTCGAGTCATGCAACCCTTTATTGGTATCAACAGGCCCTGGGGCAGGGCCCAGAGTTTCTGACTTACTTCAATTATGAAGCTCAACCAGACAAATCAGGGCTGCCCAGTGATCGGTTCTCTGCAGAGAGGCCTGAGGGATCCATCTCCACTCTGACGATTCAGCGCACAGAGCAGCGGGACTCAGCCATGTATCGCTGTGCCAGCAGCTTAGC,AS1,153|76|64|51|87|49|50|99|172|113|95|79|178|103|93|35|59|156|135|78|76|67|105|90|97|167,1037,358,244,495,393,TRBV7-7*01,FALSE,F,FALSE,TRUE,TRUE,Default
TRBV7-7*02,GGTGCTGGAGTCTCCCAGTCTCCCAGGTACAAAGTCACAAAGAGGGGACAGGATGTAACTCTCAGGTGTGATCCAATTTCGAGTCATGCAACCCTTTATTGGTATCAACAGGCCCTGGGGCAGGGCCCAGAGTTTCTGACTTACTTCAATTATGAAGCTCAACCAGACAAATCAGGGCTGCCCAGTGATCGGTTCTCTGCAGAGAGGCCTGAGGGATCCATCTCCACTCTGACGATTCAGCGCACAGAGCAGCGGGACTCAGCCATGTATCGCTGTGCTAGCAGCTTAGC,AS2,37|41|108|149|109|163|159|87|23|95|105|133|36|108|110|172|139|45|26|49|93|125|101|113|124|30,238,330,782,541,589,TRBV7-7*03,FALSE,F,FALSE,FALSE,TRUE,SC278T
TRBV7-7*03,GGTGCTGGAGTCTCCCAGTCTCCCAGGTACAAAGTCACAAAGAGGGGACAGGATGTAACTCTCAGGTGTGATCCAATTTCGAGTCATGCAACCCTTTATTGGTATCAACAGGCCCTGGGGCAGGGCCCAGAGTTTCTGACTTACTTCAATTATGAAGCTCAACCAGACAAATCAGGGCTGCTCAGTGATCGGTTCTCTGCAGAGAGGCCTGAGGGATCCATCTCCACTCTGACGATTCAGCGCACAGAGCAGCGGGACTCGGCCATGTATCGCTGTGCCAGCAGCTTAGC,AS2,2|0|0|0|0|0|0|1|3|0|0|0|8|0|0|0|0|1|8|0|0|0|1|0|0|8,30,2,0,0,0,TRBV7-7*03_new,TRUE,,TRUE,FALSE,FALSE,SC181T;SA260G
TRBV7-7*04,GGTGCTGGAGTCTCCCAGTCTCTCAGGTACAAAGTCACAAAGAGGGGACAGGATGTAACTCTCAGGTGTGATCCAATTTCGAGTCATGCAACCCTTTATTGGTATCAACAGGCCCTGGGGCAGGGCCCAGAGTTTCTGACTTACTTCAATTATGAAGCTCAACCAGACAAATCAGGGCTGCCCAGTGATCGGTTCTCTGCAGAGAGGCCTGAGGGATCCATCTCCACTCTGACGATTCAGCGCACAGAGCAGCGGGACTCAGCCATGTATCGCTGTGCCAGCAGCTTAGC,AS3,2|1|0|0|0|0|0|0|1|0|0|0|1|0|0|0|0|2|3|0|0|0|1|0|0|3,13,1,0,0,0,TRBV7-7*04_new,TRUE,,TRUE,FALSE,FALSE,SC22T
TRBV7-7*05,GGTGCTGGAGTCTCCCAGTCTCCCAGGTACAAAGTCACAAAGAGGGGACAGGATGTAACTCTCAGGTGTGATCCAATTTCGAGTCATGCAACCCTTTATTGGTATCAACAGGCCCTGGGGCAGGGCCCAGAGTTTCTGACTTACTTCAATTATGAAGCTCAACCAGACAAATCAGGGCTGCCCAGTGATCAGTTCTCTGCAGAGAGGCCTGAGGGATCCATCTCCACTCTGACGATTCAGCGCACAGAGCAGCGGGACTCAGCCATGTATCGCTGTGCTAGCAGCTTAGC,AS3,0|0|0|0|1|0|0|2|0|1|0|0|0|3|0|0|0|0|0|1|1|0|0|1|1|0,0,4,0,6,1,TRBV7-7*05_new,TRUE,,TRUE,FALSE,FALSE,SG190A;SC278T
TRBV7-7*07,GGTGCTGGAGTCTCCCAGTCTCCCAGGTACAAAGTCACAAAGAGGGGACAGGATGTAACTCTCAGGTGTGATCCAATTTCGAGTCATGCAACCCTTTATTGGTATCAACAGGCCCTGGGGCAGGGCCCAGAGTTTCTGACTTACTTCAATTATGAAGCTCAACCAGACAAATCAGGGCTGCTCAGTGATCGGTTCTCTGCAGAGAGGCCTGAGGGATCCATCTCCACTCTGACGATTCAGCGCACAGAGCAGCGGGACTCAGCCATGTATCGCTGTGCCAGCAGCTTAGC,AS3,0|3|0|0|0|0|0|0|0|0|0|0|0|0|0|0|0|0|1|0|0|0|0|0|0|2,6,0,0,0,0,TRBV7-7*07_new,TRUE,,TRUE,FALSE,FALSE,SC181T
TRBV7-7*08,GGTGCTGGAGTCTCCCAGTCTCCCAGGTATAAAGTCACAAAGAGGGGACAGGATGTAACTCTCAGGTGTGATCCAATTTCGAGTCATGCAACCCTTTATTGGTATCAACAGGCCCTGGGGCAGGGCCCAGAGTTTCTGACTTACTTCAATTATGAAGCTCAACCAGACAAATCAGGGCTGCCCAGTGATCGGTTCTCTGCAGAGAGGCCTGAGGGATCCATCTCCACTCTGACGATTCAGCGCACAGAGCAGCGGGACTCAGCCATGTATCGCTGTGCTAGCAGCTTAGC,AS3,0|0|0|0|0|0|0|0|0|0|0|0|2|0|0|0|0|0|2|0|0|0|0|0|0|0,4,0,0,0,0,TRBV7-7*08_new,TRUE,,TRUE,FALSE,FALSE,SC29T;SC278T
TRBV7-9*01,GATACTGGAGTCTCCCAGGACCCCAGACACAAGATCACAAAGAGGGGACAGAATGTAACTTTCAGGTGTGATCCAATTTCTGAACACAACCGCCTTTATTGGTACCGACAGACCCTGGGGCAGGGCCCAGAGTTTCTGACTTACTTCCAGAATGAAGCTCAACTAGAAAAATCAAGGCTGCTCAGTGATCGGTTCTCTGCAGAGAGGCCTAAGGGATCTTTCTCCACCTTGGAGATCCAGCGCACAGAGCAGGGGGACTCGGCCATGTATCTCTGTGCCAGCAGCTTAGC,AS1,149|84|126|159|122|174|159|117|141|140|117|145|181|137|130|179|149|117|139|63|99|135|132|119|116|153,964,411,820,632,655,TRBV7-9*03,FALSE,F,FALSE,FALSE,FALSE,SA18G
TRBV7-9*02,GATACTGGAGTCTCCCAGAACCCCAGACACAAGATCACAAAGAGGGGACAGAATGTAACTTTCAGGTGTGATCCAATTTCTGAACACAACCGCCTTTATTGGTACCGACAGACCCTGGGGCAGGGCCCAGAGTTTCTGACTTACTTCCAGAATGAAGCTCAACTAGAAAAATCAAGGCTGCTCAGTGATCGGTTCTCTGCAGAGAGGCCTAAGGGATCTTTCTCCACCTTGGAGATCCAGCGCACAGAGCAGGGGGACTCGGCCATGTATCTCTGTGCCAGCAGCTTAGC,AS1,19|23|46|32|76|37|45|71|24|70|83|67|22|77|73|30|45|30|20|63|71|53|71|82|106|19,157,276,189,412,321,TRBV7-9*01,FALSE,F,FALSE,TRUE,TRUE,Default
TRBV7-9*03,GATACTGGAGTCTCCCAGGACCCCAGACACAAGATCACAAAGAGGGGACAGAATGTAACTTTCAGGTATGATCCAATTTCTGAACACAACCGCCTTTATTGGTACTGACAGGCCCTGGGGCAGGGCCCAGAGTTTCTGACTTACTTCCAGAATGAAGCTCAACTAGAAAAATCAAGGCTGCTCAGTGATCGGTTCTCTGCAGAGAGGCCTAAGGGATCTTTCTCCACCTTGGAGATCCAGCGCACAGAGCAGGGGGACTCGGCCATGTATCTCTGTGCCAGCAGCTTAGC,AS2,16|9|0|0|0|0|0|1|28|0|0|0|14|0|0|0|0|27|16|1|0|0|3|0|0|27,137,5,0,0,0,TRBV7-9*03_new,TRUE,,TRUE,FALSE,FALSE,SA18G;SG67A;SC105T;SA111G
TRBV7-9*05,GATACTGGAGTCTCCCAGGACCCCAGACACAAGATCACAAAGAGGGGACAGAATGTAACTTTCAGGTGTGATCCAATTTCTGAACACAACCACCTTTATTGGTACCGACAGACCCTGGGGCAGGGCCCAGAGTTTCTGACTTACTTCCAGAATGAAGCTCAACTAGAAAAATCAAGGCTGCTCAGTGATCGGTTCTCTGCAGAGAGGCCTAAGGGATCTTTCTCCACCTTGGAGATCCAGCGCACAGAGCAGGGGGACTCGGCCATGTATCTCTGTGCCAGCAGCTTAGC,AS3,4|2|0|0|0|0|0|0|3|0|0|0|0|0|0|0|0|3|2|0|0|0|0|0|0|3,17,0,0,0,0,TRBV7-9*05_new,TRUE,,TRUE,FALSE,FALSE,SA18G;SG91A
TRBV7-9*06,GATACTGGAGTCTCCCAGGACCCCAGACACAAGATCACAAAGAGGGGACAGAATGTAACTTTCAGGTGTGATCCAATTTCTGAACACAACCGCCTTTATTGGTACCGACAGACCCTGGGGCAGGGCCCAGAGTTTCTGACTTACTTCCAGAATGAAGCTCAACTAGAAAAATCAAGGCTGCTCAGTAATCGGTTCTCTGCAGAGAGGCCTAAGGGATCTTTCTCCACCTTGGAGATCCAGCGCACAGAGCAGGGGGACTCGGCCATGTATCTCTGTGCCAGCAGCTTAGC,AS3,3|1|0|0|0|0|0|0|1|0|0|0|1|0|0|1|0|3|2|0|0|0|1|0|0|5,16,1,1,0,0,TRBV7-9*06_new,TRUE,,TRUE,FALSE,FALSE,SA18G;SG186A
TRBV7-9*07,GATACTGGAGTCTCCCAGGACCCCAGACACAAGATCACAAAGAGGGGACAGAATGTAACTTTCAGGTGTGATCCAATTTCTGAACACAACCGCCTTTATTGGTACCGACAGACCCTGGGGCAGGGCCCAGAGTTTCTGACTTACTTCCAGAATGAAGCTCAACTAGAAAAATCAAGGCTGCTCAGTGATCGGTTCTCTGCAGAGAGGCCTAAGGGATCTTTCTCCACCTTGGAGATCCAGCACACAGAGCAGGGGGACTCGGCCATGTATCTCTGTGCCAGCAGCTTAGC,AS3,0|0|0|7|0|1|6|0|0|0|0|0|0|0|0|0|1|0|0|0|0|0|0|0|0|0,0,0,15,0,0,TRBV7-9*07_new,TRUE,,TRUE,FALSE,FALSE,SA18G;SG241A
TRBV7-9*08,GATACTGGAGTCTCCCAGGACCCCAGACACAAGATCACAAAGAGGGGACAGAATGTAACTTTCAGGTGTGATCCAATTTCTGAACACAACTGCCTTTATTGGTACCGACAGACCCTGGGGCAGGGCCCAGAGTTTCTGACTTACTTCCAGAATGAAGCTCAACTAGAAAAATCAAGGCTGCTCAGTGATCGGTTCTCTGCAGAGAGGCCTAAGGGATCTTTCTCCACCTTGGAGATCCAGCGCACAGAGCAGGGGGACTCGGCCATGTATCTCTGTGCCAGCAGCTTAGC,AS3,0|0|0|0|0|0|0|0|0|0|0|0|0|0|0|0|0|6|0|0|0|0|0|0|0|0,6,0,0,0,0,TRBV7-9*08_new,TRUE,,TRUE,FALSE,FALSE,SA18G;SC90T
TRBV7-9*09,GATACTGGAGTCTCCCAGAACCCCAGACACAAGATCACAAAGAGGGGACAGAATGTAACTTTCAGGTGTGATCCAATTTCTGAACACAACCGCCTTTATTGGTACTGACAGACCCTGGGGCAGGGCCCAGAGTTTCTGACTTACTTCCAGAATGAAGCTCAACTAGAAAAATCAAGGCTGCTCAGTGATCGGTTCTCTGCAGAGAGGCCTAAGGGATCTTTCTCCACCTTGGAGATCCAGCGCACAGAGCAGGGGGACTCGGCCATGTATCTCTGTGCCAGCAGCTTAGC,AS3,0|0|0|2|0|0|0|0|0|0|0|0|0|0|0|0|2|0|0|0|0|0|0|0|0|0,0,0,4,0,0,TRBV7-9*09_new,TRUE,,TRUE,FALSE,FALSE,SC105T
TRBV7-9*10,GATACTGGAGTCTCCCAGGACCCCAGACACAAGATCACAAAGAGGGGACAGAATGTAACTTTCAGGTGTGATCCAATTTCTGAACACAACCGCCTTTATTGGTACCGACAGACCCTGGGGCAGGGCCCAGAGTTTCTGACTTTCTTCCAGAATGAAGCTCAACTAGAAAAATCAAGGCTGCTCAGTGATCGGTTCTCTGCAGAGAGGCCTAAGGGATCTTTCTCCACCTTGGAGATCCAGCGCACAGAGCAGGGGGACTCGGCCATGTATCTCTGTGCCAGCAGCTTAGC,AS3,0|0|0|0|0|0|0|0|1|0|0|0|0|0|0|0|0|2|0|0|0|0|1|0|0|1,4,1,0,0,0,TRBV7-9*10_new,TRUE,,TRUE,FALSE,FALSE,SA18G;SA142T
TRBV9*01,GATTCTGGAGTCACACAAACCCCAAAGCACCTGATCACAGCAACTGGACAGCGAGTGACGCTGAGATGCTCCCCTAGGTCTGGAGACCTCTCTGTGTACTGGTACCAACAGAGCCTGGACCAGGGCCTCCAGTTCCTCATTCAGTATTATAATGGAGAAGAGAGAGCAAAAGGAAACATTCTTGAACGATTCTCCGCACAACAGTTCCCTGACTTGCACTCTGAACTAAACCTGAGCTCTCTGGAGCTGGGGGACTCAGCTTTGTATTTCTGTGCCAGCAGCGTAG,AS1,145|102|156|199|157|205|206|165|150|155|168|168|170|171|176|203|193|151|117|118|158|149|173|168|192|161,996,614,1006,843,817,TRBV9*01,FALSE,F,FALSE,TRUE,TRUE,Default
TRBV9*02,GATTCTGGAGTCACACAAACCCCAAAGCACCTGATCACAGCAACTGGACAGCGAGTGACGCTGAGATGCTCCCCTAGGTCTGGAGACCTCTCTGTGTACTGGTACCAACAGAGCCTGGACCAGGGCCTCCAGTTCCTCATTCACTATTATAATGGAGAAGAGAGAGCAAAAGGAAACATTCTTGAACGATTCTCCGCACAACAGTTCCCTGACTTGCACTCTGAACTAAACCTGAGCTCTCTGGAGCTGGGGGACTCAGCTTTGTATTTCTGTGCCAGCAGCGTAG,AS1,49|20|16|1|39|7|4|25|50|54|29|44|56|41|26|7|5|55|63|10|11|42|34|35|28|53,346,80,24,191,163,TRBV9*02,FALSE,F,FALSE,FALSE,FALSE,SG143C
TRBV9*03,GATTCTGGAGTCACACAAACCCCAAAGCACCTGATCACAGCAACTGGACAGCGAGTGACGCTGAGATGCTCCCCTAGGTCTGAAGACCTCTCTGTGTACTGGTACCAACAGAGCCTGGACCAGGGCCTCCAGTTCCTCATTCACTATTATAATGGAGAAGAGAGAGCAAAAGGAAACATTCTTGAACGATTCTCCGCACAACAGTTCCCTGACTTGCACTCTGAACTAAACCTGAGCTCTCTGGAGCTGGGGGACTCAGCTTTGTATTTCTGTGCCAGCAGCGTAG,AS3,0|0|0|0|1|0|0|0|0|0|2|0|0|1|0|0|0|0|0|0|1|0|0|1|2|0,0,1,0,6,1,TRBV9*03_new,TRUE,,TRUE,FALSE,FALSE,SG82A;SG143C
